INSERT [dbo].[Banners] ([stt], [link], [homepage], [servicepage], [blogpage], [productpage]) VALUES (1, N'/Content/assets/img/slider/o21.png', 1, 0, 0, 0)
INSERT [dbo].[Banners] ([stt], [link], [homepage], [servicepage], [blogpage], [productpage]) VALUES (2, N'/Content/assets/img/slider/o22.png', 1, 0, 0, 0)
INSERT [dbo].[Banners] ([stt], [link], [homepage], [servicepage], [blogpage], [productpage]) VALUES (3, N'/Content/assets/img/slider/o23.png', 1, 0, 0, 0)
INSERT [dbo].[Banners] ([stt], [link], [homepage], [servicepage], [blogpage], [productpage]) VALUES (9, N'https://i.pinimg.com/originals/8d/8b/62/8d8b624ca6ff542c127264c9636cab3c.png', 0, 0, 0, 0)
INSERT [dbo].[Banners] ([stt], [link], [homepage], [servicepage], [blogpage], [productpage]) VALUES (10, N'/Content/assets/img/slider/blog.PNG', 0, 0, 1, 1)
INSERT [dbo].[Banners] ([stt], [link], [homepage], [servicepage], [blogpage], [productpage]) VALUES (14, N'https://upload.lixibox.com/system/pictures/files/000/054/834/original/1608523188.png?v=1', 0, 0, 0, 1)
SET IDENTITY_INSERT [dbo].[Banners] OFF

GO
SET IDENTITY_INSERT [dbo].[BlogDetails] ON 

INSERT [dbo].[BlogDetails] ([idbt], [title], [shortcontent], [cardimg], [hideblog], [idb], [date_up], [contentblog], [metablog]) VALUES (1, N'Combo Eucerin trị mụn hiệu quả bạn nên thử', N'Eucerin là thương hiệu dược mỹ phẩm nổi tiếng ở Đức, cho ra đời nhiều sản phẩm với thành phần lành tính, an toàn cho làn da. Bộ sản phẩm chăm sóc da mụn từ sữa rửa mặt Eucerin, kem trị mụn Eucerin, kem chống nắng Eucerin luôn được Bác sĩ Da liễu khuyên dùng.', N'https://res.cloudinary.com/dnqk5fjla/image/upload/v1683576317/DoctorSkin/eb21e4b4-5b17-435a-ac5c-43d18becca8b.jpg', 0, 1, CAST(N'2024-05-10T09:16:00.000' AS DateTime), N'<p>Eucerin l&agrave; thương hiệu dược mỹ phẩm nổi tiếng ở Đức, cho ra đời nhiều sản phẩm với th&agrave;nh phần l&agrave;nh t&iacute;nh, an to&agrave;n cho l&agrave;n da. Bộ sản phẩm chăm s&oacute;c da mụn từ sữa rửa mặt Eucerin, kem trị mụn Eucerin, kem chống nắng Eucerin lu&ocirc;n được B&aacute;c sĩ Da liễu khuy&ecirc;n d&ugrave;ng.</p>

<p style="text-align:center"><img alt="Combo Eucerin trị mụn hiệu quả bạn nên thử" src="/Content/upload/img/combo-eucerin-tri-mun-hieu-qua-ban-nen-thu-600x400-1%20(1).jpg" style="height:167px; width:300px" /></p>

<p style="text-align:center"><em>Combo Eucerin trị mụn hiệu quả bạn n&ecirc;n thử</em></p>

<h2><strong>T&igrave;m hiểu về thương hiệu dược mỹ phẩm Eucerin</strong></h2>

<p>Eucerin l&agrave; thương hiệu nổi tiếng ở Đức. Với hơn 100 năm kinh nghiệm về chăm s&oacute;c da an to&agrave;n v&agrave; hiệu quả. Mỗi sản phẩm được ra mắt đều dựa tr&ecirc;n nghi&ecirc;n cứu chuy&ecirc;n s&acirc;u của B&aacute;c sĩ da liễu v&agrave; cho ra đời nhiều d&ograve;ng sản phẩm chăm s&oacute;c cho l&agrave;n da mụn.</p>

<p style="text-align:center"><img alt="Eucerin – Hơn 100 năm kinh nghiệm chăm sóc da" src="/Content/upload/img/eucerin-hon-100-nam-kinh-nghiem-cham-soc-da-400x267.jpg" style="height:167px; width:350px" /></p>

<p style="text-align:center"><em>Eucerin &ndash; Hơn 100 năm kinh nghiệm chăm s&oacute;c da</em></p>

<p>Hiện nay Eucerin đ&atilde; c&oacute; mặt tại hơn 60 quốc gia tr&ecirc;n thế giới với đa dạng c&aacute;c d&ograve;ng sản phẩm từ chăm s&oacute;c da mặt đến chăm s&oacute;c cơ thể. Tại thị trường Việt Nam, thương hiệu n&agrave;y được biết đến với c&aacute;c sản phẩm l&agrave;m sạch, trị mụn v&agrave; dưỡng ẩm. V&igrave; đ&acirc;y l&agrave; c&aacute;c vấn đề về da thường gặp ở người Việt.</p>

<h2><strong>C&aacute;c sản phẩm nổi bật của Eucerin</strong></h2>

<p>C&aacute;c sản phẩm chăm s&oacute;c da của dược mỹ phẩm Eucerin đều được đảm bảo th&iacute;ch ứng với hầu hết c&aacute;c loại da. Mang đến hiệu quả cải thiện c&aacute;c vấn đề về l&agrave;n da đang gặp phải.</p>

<p style="text-align:center"><img alt="Sản phẩm được đánh giá cao về hiệu quả" src="/Content/upload/img/san-pham-duoc-danh-gia-cao-ve-hieu-qua-400x267.jpg" style="height:200px; width:300px" /></p>

<p style="text-align:center"><em>Sản phẩm được đ&aacute;nh gi&aacute; cao về hiệu quả</em></p>

<h3><strong>Eucerin Hyaluron Filler &ndash; Trị nếp nhăn</strong></h3>

<ul>
	<li>Th&agrave;nh phần: Glycine Saponin, Hyaluronic Acid, Glycerin v&agrave; Citric Acid&hellip;</li>
	<li>C&ocirc;ng dụng: Hỗ trợ cải thiện nếp nhăn tr&ecirc;n da, th&uacute;c đẩy da sản sinh ra HA tự nhi&ecirc;n để gi&uacute;p da trở n&ecirc;n căng mịn hơn.</li>
	<li>Chỉ định: Ph&ugrave; hợp với c&aacute;c loại da gặp c&aacute;c vấn đề về l&atilde;o h&oacute;a, nhiều nếp nhăn&hellip;</li>
</ul>

<h3><strong>Eucerin Lipo Balance &ndash; Dưỡng ẩm</strong></h3>

<ul>
	<li>Th&agrave;nh phần: Biotin, Ceramide-3, tinh chất hoa anh thảo&hellip;</li>
	<li>C&ocirc;ng dụng: Phục hồi khả năng c&acirc;n bằng độ ẩm của l&agrave;n da. Ngăn ngừa t&igrave;nh trạng mất nước.</li>
	<li>Chỉ định: L&agrave;n da kh&ocirc;, thiếu ẩm, nhạy cảm v&agrave; dễ bong tr&oacute;c.</li>
</ul>

<h3><strong>Eucerin ProAcne &ndash; L&agrave;m sạch cho da mụn</strong></h3>

<ul>
	<li>Th&agrave;nh phần: Coenzyme Q10, Biotin, Vitamin C, E&hellip;</li>
	<li>C&ocirc;ng dụng: Giảm mụn, ngăn ngừa mụn mới h&igrave;nh th&agrave;nh, giảm th&acirc;m sau mụn v&agrave; se kh&iacute;t lỗ ch&acirc;n l&ocirc;ng. Điều tiết b&atilde; nhờn, hạn chế t&igrave;nh trạng b&oacute;ng dầu của l&agrave;n da.&nbsp;</li>
	<li>Chỉ định: Th&iacute;ch hợp với c&aacute;c loại mụn v&agrave; nhiều loại da nhưng cần ch&uacute; &yacute; với l&agrave;n da nhạy cảm.</li>
</ul>

<h3><strong>Eucerin Sun Protection &ndash; Chống nắng</strong></h3>

<ul>
	<li>Th&agrave;nh phần: Carnitine, Cyclomethicone, Behenyl Alcohol&hellip;</li>
	<li>C&ocirc;ng dụng: Bảo vệ l&agrave;n da trước t&aacute;c hại của &aacute;nh nắng mặt trời, tia UV v&agrave; &aacute;nh s&aacute;ng xanh. Đồng thời, hỗ trợ l&agrave;m giảm th&acirc;m n&aacute;m v&agrave; dưỡng s&aacute;ng da hiệu quả.</li>
	<li>Chỉ định: Ph&ugrave; hợp với mọi loại da kể cả l&agrave;n da nhạy cảm hoặc l&agrave;n da đang bị tổn thương do vết mụn g&acirc;y ra.</li>
</ul>

<p>Eucerin được c&aacute;c b&aacute;c sĩ da liễu gợi &yacute; sử dụng v&agrave; khuy&ecirc;n d&ugrave;ng. Sản phẩm được đ&aacute;nh gi&aacute; cao về hiệu quả v&agrave; cải thiện r&otilde; rệt c&aacute;c t&igrave;nh trạng mụn, l&atilde;o h&oacute;a ở da.</p>

<h2><strong>Review combo trị mụn của thương hiệu dược mỹ phẩm Eucerin</strong></h2>

<p>Combo trị mụn của thương hiệu dược mỹ phẩm Eucerin được ph&acirc;n ra từng sản phẩm v&agrave; c&aacute;ch sử dụng rất r&otilde; rệt. O2 SKIN giới thiệu đến bạn 3 sản phẩm nổi bật trong combo d&agrave;nh cho da mụn.</p>

<p><strong>Combo trị mụn&nbsp;</strong><strong>Eucerin:</strong></p>

<ol>
	<li>Sữa rửa mặt Eucerin ProAcne Solution Cleansing Gel</li>
	<li>Kem chống nắng Eucerin Sun Dry Touch Oil Control</li>
	<li>Kem trị mụn Eucerin ProAcne A.I Clearing Treatmen</li>
</ol>

<h3><strong>Sữa rửa mặt Eucerin ProAcne Solution Cleansing Gel</strong></h3>

<p>Sữa rửa mặt Eucerin ProAcne Solution Cleansing Gel c&oacute; đặc t&iacute;nh l&agrave;m sạch m&agrave; vẫn dịu nhẹ, kh&ocirc;ng l&agrave;m b&agrave;o m&ograve;n da. Gi&uacute;p loại bỏ vi khuẩn, bụi bẩn s&acirc;u trong lỗ ch&acirc;n l&ocirc;ng v&agrave; hỗ trợ điều trị mụn hiệu quả. Ph&ugrave; hợp cho da nhờn mụn, dễ nổi mụn v&agrave; da nhạy cảm.</p>

<p>Sữa rửa mặt Eucerin kh&ocirc;ng chứa x&agrave; ph&ograve;ng v&agrave; kh&ocirc;ng hương liệu. Chứa 6% Ampho-Tensides v&agrave; c&oacute; đặc t&iacute;nh kh&aacute;ng khuẩn. Gi&uacute;p loại bỏ b&atilde; nhờn dư thừa, l&agrave;m sạch bụi bẩn tr&ecirc;n da v&agrave; ngăn ngừa mụn hiệu quả m&agrave; kh&ocirc;ng l&agrave;m mất độ ẩm tự nhi&ecirc;n của l&agrave;n da.</p>

<h3><strong>Kem chống nắng Eucerin Sun Dry Touch Oil Control</strong></h3>

<p>Kem chống nắng Eucerin Sun Dry Touch Oil Control l&agrave; sản phẩm được thiết kế chuy&ecirc;n biệt cho da dầu v&agrave; da hỗn hợp. Kh&ocirc;ng chỉ bảo vệ da trước t&aacute;c hại của tia UV v&agrave; &aacute;nh s&aacute;ng xanh m&agrave; c&ograve;n giảm b&oacute;ng dầu v&agrave; ngăn ngừa mụn.</p>

<p>Với c&ocirc;ng nghệ Spectral quang phổ rộng tạo n&ecirc;n l&aacute; chắn cho da. Ngăn chặn t&aacute;c hại từ tia UVA/ UVB v&agrave; &aacute;nh s&aacute;ng xanh. Đồng thời, kết hợp th&agrave;nh phần Carnitine v&agrave; Licochalcone A mang đến c&ocirc;ng dụng kiểm so&aacute;t dầu thừa trong suốt 8h. Kem chống nắng Eucerin c&ograve;n c&oacute; t&aacute;c dụng hạn chế b&iacute;t tắc lỗ ch&acirc;n l&ocirc;ng, gi&uacute;p da th&ocirc;ng tho&aacute;ng ngay cả khi thời tiết n&oacute;ng ẩm.</p>

<h3><strong>Kem trị mụn Eucerin ProAcne A.I Clearing Treatment</strong></h3>

<p>Eucerin ProAcne A.I Clearing Treatment c&oacute; t&aacute;c dụng giảm mụn nhanh ch&oacute;ng v&agrave; hiệu quả nhờ t&aacute;c động l&ecirc;n v&ugrave;ng da mụn. Th&iacute;ch hợp cho cả mụn vi&ecirc;m v&agrave; mụn kh&ocirc;ng vi&ecirc;m. An to&agrave;n với da nhạy cảm, da mụn v&agrave; cả da nổi mụn.</p>

<p>Sản phẩm c&oacute; chứa 10% Hydroxy Complex gi&uacute;p th&ocirc;ng tho&aacute;ng lỗ ch&acirc;n l&ocirc;ng, giảm mụn hiệu quả m&agrave; kh&ocirc;ng g&acirc;y bong tr&oacute;c. Kết cấu dạng kem kh&ocirc;ng qu&aacute; đặc v&agrave; khả năng thấm nhanh. Cải thiện bề mặt l&agrave;n da bằng c&aacute;ch th&uacute;c đẩy t&aacute;i tạo da mới v&agrave; giảm th&acirc;m hiệu quả.</p>

<p>Combo trị mụn Eucerin ProAcne c&oacute; hiệu quả tốt trong việc l&agrave;m sạch đối với da nhờn v&agrave; da mụn.</p>

<h2><strong>Hướng dẫn chăm s&oacute;c da với sản phẩm Eucerin</strong></h2>

<p>Mỗi bước skincare sẽ c&oacute; những t&aacute;c động với l&agrave;n da, khi kết hợp với c&aacute;c sản phẩm của Eucerin sẽ mang đến những hiệu quả chăm s&oacute;c da nhất định.</p>

<p>Hướng dẫn 7 bước chăm s&oacute;c da với sản phẩm trị mụn Eucerin</p>

<ul>
	<li>Bước 1: Tẩy trang</li>
	<li>Bước 2: Rửa mặt</li>
	<li>Bước 3: Tẩy tế b&agrave;o chết</li>
	<li>Bước 4: Toner</li>
	<li>Bước 5: Sử dụng sản phẩm đặc trị mụn</li>
	<li>Bước 6: Dưỡng ẩm</li>
</ul>

<p style="text-align:center"><img alt="" src="/Content/upload/img/huong-dan-cham-soc-da-voi-san-pham-eucerin-400x267.jpg" style="height:200px; width:300px" /></p>

<p style="text-align:center"><em>Hướng dẫn chăm s&oacute;c da với sản phẩm Eucerin</em></p>

<p>C&ugrave;ng O2 SKIN đi v&agrave;o chi tiết từng bước với sản phẩm ph&ugrave; hợp trong từng bước nh&eacute;!</p>

<h3><strong>Bước 1: Tẩy trang</strong></h3>

<p>Tẩy trang l&agrave; một trong những bước quan trọng trong quy tr&igrave;nh skincare cho da. Tẩy trang gi&uacute;p loại bỏ bụi bẩn, dầu thừa gi&uacute;p l&agrave;n da trở n&ecirc;n sạch hơn, lỗ ch&acirc;n l&ocirc;ng th&ocirc;ng tho&aacute;ng. Với bước tẩy trang, bạn c&oacute; thể lựa chọn nước tẩy trang Pro ACNE Micellar d&agrave;nh cho da dầu mụn.</p>

<h3><strong>Bước 2: Rửa mặt</strong></h3>

<p>Rửa mặt sẽ gi&uacute;p l&agrave;m sạch s&acirc;u bụi bẩn, lớp trang điểm c&ograve;n s&oacute;t lại tr&ecirc;n l&agrave;n da. Th&ocirc;ng thường, bạn cần rửa mặt bằng sữa rửa mặt 2 lần/ ng&agrave;y. Sữa rửa mặt Eucerin Pro ACNE Cleansing dạng gel hỗ trợ l&agrave;m sạch da hiệu quả hơn.</p>

<h3><strong>Bước 3: Tẩy tế b&agrave;o chết</strong></h3>

<p>Tẩy tế b&agrave;o chết cũng l&agrave; bước m&agrave; bạn kh&ocirc;ng được bỏ qua khi thực hiện skincare. Tẩy tế b&agrave;o chết n&ecirc;n thực hiện tối đa 2 lần/ tuần. Pro ACNE Scrub ch&iacute;nh l&agrave; lựa chọn tốt nhất. Sản phẩm c&oacute; chứa c&aacute;c vi hạt si&ecirc;u nhỏ c&oacute; t&aacute;c dụng loại bỏ tế b&agrave;o chết, l&agrave;m th&ocirc;ng tho&aacute;ng lỗ ch&acirc;n l&ocirc;ng, gi&uacute;p bề mặt l&agrave;n da mịn m&agrave;ng.</p>

<h3><strong>Bước 4: Toner</strong></h3>

<p>D&ugrave;ng toner sẽ gi&uacute;p c&acirc;n bằng độ pH, kiểm so&aacute;t dầu thừa v&agrave; dịu da bị tổn thương. Toner sử dụng 2 lần/ ng&agrave;y v&agrave; sau bước rửa mặt Sản phẩm Eucerin Pro ACNE Toner c&oacute; t&aacute;c dụng ngăn ngừa vi khuẩn g&acirc;y mụn, se kh&iacute;t lỗ ch&acirc;n l&ocirc;ng m&agrave; kh&ocirc;ng l&agrave;m kh&ocirc; da. Khi sử dụng, bạn n&ecirc;n d&ugrave;ng b&ocirc;ng tẩy trang thấm 2 &ndash; 3 giọt toner rồi thoa nhẹ nh&agrave;ng l&ecirc;n da.</p>

<h3><strong>Bước 5: Sử dụng sản phẩm đặc trị mụn</strong></h3>

<p>T&ugrave;y v&agrave;o t&igrave;nh trạng mụn bạn gặp phải m&agrave; lựa chọn sản phẩm ph&ugrave; hợp. Tinh chất trị mụn A.I Clearing Treatment đ&atilde; được chứng minh l&acirc;m s&agrave;ng v&agrave; da liễu mang đến hiệu quả giảm mụn r&otilde; rệt. Sản phẩm c&oacute; t&aacute;c dụng kh&aacute;ng khuẩn, ti&ecirc;u sừng gi&uacute;p lỗ ch&acirc;n l&ocirc;ng th&ocirc;ng tho&aacute;ng. Nhờ đ&oacute;, l&agrave;n da của bạn sẽ giảm được mụn, ngăn ngừa mụn trở lại m&agrave; kh&ocirc;ng g&acirc;y bong tr&oacute;c da.</p>

<h3><strong>Bước 6: Dưỡng ẩm</strong></h3>

<p>Dưỡng ẩm gi&uacute;p duy tr&igrave; độ ẩm v&agrave; kiểm so&aacute;t dầu nhờn cho l&agrave;n da. Kem dưỡng ẩm Eucerin Pro ACNE A.I Matt Fluid l&agrave; sản phẩm c&oacute; t&aacute;c dụng cải thiện c&aacute;c vấn đề về mụn như vi khuẩn g&acirc;y mụn, dầu thừa, lỗ ch&acirc;n l&ocirc;ng to v&agrave; th&acirc;m mụn. Hiệu quả đ&atilde; được chứng minh l&acirc;m s&agrave;ng v&agrave; được nhiều b&aacute;c sĩ da liễu gợi &yacute; sử dụng.</p>

<h3><strong>Bước 7: Chống nắng</strong></h3>

<p>Bước cuối c&ugrave;ng của quy tr&igrave;nh chăm s&oacute;c da ban ng&agrave;y ch&iacute;nh l&agrave; sử dụng kem chống nắng. Bạn n&ecirc;n sử dụng kem chống nắng mỗi ng&agrave;y, bất kể trời kh&ocirc;ng nắng. Kem chống nắng Eucerin Sun Dry Touch SPF 50+ PA+++ gi&uacute;p bảo vệ da khỏi t&aacute;c động của tia UVA, UVB từ &aacute;nh nắng mặt trời, ngăn ngừa l&atilde;o h&oacute;a, th&acirc;m n&aacute;m v&agrave; t&agrave;n nhang.</p>

<p>Chăm s&oacute;c da theo 7 bước cơ bản tr&ecirc;n sẽ gi&uacute;p l&agrave;n da của bạn tốt hơn. C&ugrave;ng với những bước chăm s&oacute;c da bằng sản phẩm của thương hiệu Eucerin, bạn n&ecirc;n kết hợp với chế độ ăn uống, sinh hoạt khoa học.&nbsp;</p>
', N'combo-eucerin-tri-mun-hieu-qua-ban-nen-thu')
INSERT [dbo].[BlogDetails] ([idbt], [title], [shortcontent], [cardimg], [hideblog], [idb], [date_up], [contentblog], [metablog]) VALUES (1, N'The Ordinary Hyaluronic Acid 2 + B5 dùng cho da mụn được không?', N'The Ordinary Hyaluronic Acid 2 + B5 có thật sự hiệu quả trong việc cấp ẩm và phục hồi làn da không? Vậy thực tế serum hyaluronic acid có dùng cho da mụn được không?', N'https://res.cloudinary.com/dnqk5fjla/image/upload/v1683574977/DoctorSkin/924ea719-4397-4822-ac6a-d3776c1bb2d7.jpg', 0, 2, CAST(N'2024-05-10T00:00:00.000' AS DateTime), N'<p>The Ordinary Hyaluronic Acid 2 + B5 c&oacute; thật sự hiệu quả trong việc cấp ẩm v&agrave; phục hồi l&agrave;n da kh&ocirc;ng? Vậy thực tế serum hyaluronic acid c&oacute; d&ugrave;ng cho da mụn được kh&ocirc;ng? C&oacute; t&aacute;c dụng phụ kh&ocirc;ng? C&ugrave;ng tham khảo b&agrave;i viết dưới đ&acirc;y để c&oacute; c&aacute;i nh&igrave;n kh&aacute;ch quan về sản phẩm hơn nh&eacute;!</p>

<p style="text-align:center"><img alt="" src="/Content/upload/img/the-ordinary-hyaluronic-acid-2-b5-serum-co-tot-khong-600x400-1.jpg" style="height:233px; width:350px" /></p>

<p style="text-align:center"><em>The Ordinary Hyaluronic Acid 2% + B5 Serum d&ugrave;ng cho da mụn được kh&ocirc;ng?</em></p>

<h2><strong>Đ&ocirc;i n&eacute;t về thương hiệu mỹ phẩm The Ordinary</strong></h2>

<p>The Ordinary l&agrave; thương hiệu được th&agrave;nh lập tại Canada từ năm 2013 thuộc c&ocirc;ng ty mẹ DECIEM. Tuy sản phẩm của The Ordinary lu&ocirc;n đơn giản trong thiết kế, th&agrave;nh phần. Nhưng trong đ&oacute; l&agrave; sự kh&ocirc;ng ngừng cải tiến về c&aacute;c c&ocirc;ng nghệ l&agrave;m đẹp hiện lại v&agrave; lu&ocirc;n mang đến hiệu quả, an to&agrave;n cho l&agrave;n da.</p>

<p style="text-align:center"><img alt="" src="/Content/upload/img/thuong-hieu-duong-da-binh-dan-duoc-ua-chuong-hien-nay.jpg" style="height:233px; width:350px" /></p>

<p style="text-align:center"><em>Thương hiệu dưỡng da b&igrave;nh d&acirc;n được ưa chuộng hiện nay</em></p>

<p>The Ordinary mang đến sự cam kết về bảng th&agrave;nh phần kh&ocirc;ng dầu kho&aacute;ng, kh&ocirc;ng parabens, kh&ocirc;ng thủy ng&acirc;n v&agrave; kh&ocirc;ng chứa chất độc hại cho l&agrave;n da. C&ugrave;ng với gi&aacute; th&agrave;nh b&igrave;nh d&acirc;n của sản phẩm. Đặc biệt đ&oacute; l&agrave; sự cam kết kh&ocirc;ng thử nghiệm tr&ecirc;n động vật.</p>

<h2><strong>Th&agrave;nh phần v&agrave; c&ocirc;ng dụng của The Ordinary Hyaluronic Acid 2 + B5</strong></h2>

<p>Serum The Ordinary Hyaluronic Acid 2 + B5 được điều chế với c&ocirc;ng thức ri&ecirc;ng biệt, gồm HA 2% kết hợp c&ugrave;ng B5. Cung cấp dưỡng chất nu&ocirc;i dưỡng v&agrave; phục hồi l&agrave;n da từ b&ecirc;n trong, đặc biệt l&agrave; l&agrave;n da thiếu ẩm.</p>

<p style="text-align:center"><img alt="" src="/Content/upload/img/the-ordinary-hyaluronic-acid-2-b5-ket-cau-hoi-set-nhung-tham-thau-nhanh-giup-cap-am-sau-cho-da.jpg" style="height:233px; width:350px" /></p>

<p style="text-align:center"><em>The Ordinary Hyaluronic Acid 2 + B5 kết cấu hơi sệt nhưng thẩm thấu nhanh gi&uacute;p cấp ẩm s&acirc;u cho da</em></p>

<ul>
	<li><strong>Hyaluronic Acid:</strong>&nbsp;Hoạt chất c&oacute; khả năng hạn chế sự bay hơi nước tr&ecirc;n l&agrave;n da. Gi&uacute;p duy tr&igrave; độ ẩm th&iacute;ch hợp, tăng độ đ&agrave;n hồi của l&agrave;n da. B&ecirc;n cạnh đ&oacute;, c&ograve;n c&oacute; c&ocirc;ng dụng cải thiện nếp nhăn v&agrave; l&agrave;m chậm qu&aacute; tr&igrave;nh l&atilde;o h&oacute;a da.</li>
	<li><strong>Vitamin B5:</strong>&nbsp;Với c&ocirc;ng dụng ch&iacute;nh l&agrave; phục hồi v&agrave; cấp ẩm cho l&agrave;n da. Gi&uacute;p da lu&ocirc;n trong trạng th&aacute;i mềm mại. Ngo&agrave;i ra, trong B5 c&ograve;n chứa Coenzyme A &ndash; một hoạt chất c&oacute; khả năng loại bỏ dầu thừa, ngăn ngừa sự h&igrave;nh th&agrave;nh mụn.</li>
	<li><strong>Pentylene Glycol:</strong>&nbsp;C&oacute; khả năng c&acirc;n bằng v&agrave; dưỡng ẩm l&agrave;n da hiệu quả. Kh&aacute;ng khuẩn bảo vệ da khỏi vi khuẩn, kh&oacute;i bụi. Đồng thời, c&ograve;n gi&uacute;p sản phẩm mỏng nhẹ, dưỡng ẩm s&acirc;u m&agrave; kh&ocirc;ng l&agrave;m b&iacute;t tắc lỗ ch&acirc;n l&ocirc;ng.</li>
	<li><strong>Propanediol:</strong>&nbsp;Đ&acirc;y l&agrave; một dạng dung m&ocirc;i, cải thiện độ ẩm, ngăn ngừa mất nước v&agrave; an to&agrave;n cho l&agrave;n da bị mụn. Tăng cường hiệu quả v&agrave; mang lại kết cấu mỏng cho sản phẩm.</li>
</ul>

<p>Sử dụng sản phẩm sẽ cải thiện độ ẩm cho l&agrave;n da v&agrave; phục hồi h&agrave;ng r&agrave;o bảo vệ da tốt hơn. Th&iacute;ch hợp với nhu cầu cấp nước nhẹ nh&agrave;ng v&agrave; hiệu quả dưỡng ẩm thẩm thấu s&acirc;u v&agrave;o b&ecirc;n trong l&agrave;n da.</p>

<h2><strong>C&aacute;ch sử dụng Serum The Ordinary Hyaluronic Acid 2 + B5</strong></h2>

<p>Sản phẩm serum hyaluronic acid n&agrave;y hiện nay đang rất được ưa chuộng, h&atilde;y ch&uacute; &yacute; những bước sử dụng được hướng dẫn dưới đ&acirc;y để đạt hiệu quả tốt nhất</p>

<p style="text-align:center"><img alt="" src="/Content/upload/img/su-dung-serum-dung-cach-de-lan-da-dat-hieu-qua-tot-nhat.jpg" style="height:233px; width:350px" /></p>

<p style="text-align:center"><em>Sử dụng serum đ&uacute;ng c&aacute;ch để l&agrave;n da đạt hiệu quả tốt nhất</em></p>

<ul>
	<li><strong>Bước 1: L&agrave;m sạch da</strong></li>
</ul>

<p>Đ&acirc;y l&agrave; bước quan trọng trong qu&aacute; tr&igrave;nh chăm s&oacute;c da n&oacute;i chung v&agrave; trước khi sử dụng bất cứ sản phẩm chăm s&oacute;c da n&oacute;i ri&ecirc;ng.</p>

<ul>
	<li><strong>Bước 2: Sử dụng toner</strong></li>
</ul>

<p>Sử dụng c&aacute;c loại toner hay nước hoa hồng đ&oacute;ng vai tr&ograve; quan trọng trong việc c&acirc;n bằng lại da sau khi đ&atilde; l&agrave;m sạch da.</p>

<ul>
	<li><strong>Bước 3: Sử dụng serum hyaluronic acid</strong></li>
</ul>

<p>Lấy một lượng serum vừa đủ m&aacute;t-xa nhẹ nh&agrave;ng để serum thấm ho&agrave;n to&agrave;n. Vỗ nhẹ bằng đầu ng&oacute;n tay để tinh chất được hấp thụ nhanh hơn.</p>

<ul>
	<li><strong>Bước 4: Thoa kem dưỡng</strong></li>
</ul>

<p>Kh&oacute;a ẩm bằng kem dưỡng, để serum kh&ocirc;ng bay hơi v&agrave; cung cấp th&ecirc;m độ ẩm cho l&agrave;n da.</p>

<p>H&atilde;y sử dụng serum đều đặn mỗi s&aacute;ng v&agrave; tối để c&oacute; được hiệu quả nhanh v&agrave; r&otilde; rệt. T&aacute;c động của &aacute;nh nắng mặt trời sẽ khiến c&aacute;c tinh chất bị oxi h&oacute;a nhanh hơn n&ecirc;n h&atilde;y b&ocirc;i kem chống nắng mỗi buổi s&aacute;ng.</p>

<h2><strong>Ưu v&agrave; nhược điểm của The Ordinary Hyaluronic Acid 2% + B5 Serum</strong></h2>

<p>Để dễ d&agrave;ng lựa chọn sản phẩm sử dụng, bạn c&oacute; thể xem x&eacute;t qua những ưu, nhược điểm của Serum The Ordinary Hyaluronic Acid 2% + B5 sau:</p>

<p style="text-align:center"><img alt="" src="/Content/upload/img/uu-va-nhuoc-diem-cua-the-ordinary-hyalucronic-acid-2-b5-serum.jpg" style="height:233px; width:350px" /></p>

<p style="text-align:center"><em>Ưu v&agrave; nhược điểm của The Ordinary Hyaluronic Acid 2% + B5 Serum</em></p>

<h3><strong>Ưu điểm</strong></h3>

<ul>
	<li>Gi&aacute; của sản phẩm ph&ugrave; hợp với học sinh &ndash; sinh vi&ecirc;n.</li>
	<li>Th&agrave;nh phần an to&agrave;n, l&agrave;nh t&iacute;nh v&agrave; an to&agrave;n cho mọi loại da, kể cả da nhạy cảm.</li>
	<li>Kết cấu mỏng nhẹ, dễ d&agrave;ng thẩm thấu v&agrave;o da.</li>
	<li>Cấp ẩm v&agrave; phục hồi tốt,&nbsp;</li>
</ul>

<h3><strong>Nhược điểm</strong></h3>

<ul>
	<li>Sản phẩm kh&ocirc;ng ph&ugrave; hợp với da kh&ocirc;</li>
	<li>C&oacute; nhiều h&agrave;ng giả tr&ecirc;n thị trường</li>
	<li>Nếu kh&ocirc;ng thoa kem dưỡng sau khi sử dụng serum th&igrave; c&oacute; thể g&acirc;y ra hiện tượng h&uacute;t ẩm ngược, l&agrave;m kh&ocirc; da</li>
	<li>Sản phẩm dễ bắt nắng.</li>
</ul>

<h2><strong>The Ordinary Hyaluronic Acid 2 + B5 c&oacute; x&agrave;i được cho da mụn kh&ocirc;ng?</strong></h2>

<p>Hyaluronic Acid 2 + B5 c&oacute; thể sử dụng cho da mụn.</p>

<p>Hyaluronic Acid c&oacute; t&aacute;c dụng giữ nước cho da, gi&uacute;p l&agrave;m mềm v&agrave; dưỡng ẩm da, c&ograve;n Vitamin B5 c&oacute; t&aacute;c dụng giảm đỏ v&agrave; tổn thương da. Sản phẩm c&oacute; kết cấu lỏng nhẹ, khi thoa l&ecirc;n da kh&ocirc;ng bị b&iacute; tắc, do đ&oacute; rất ph&ugrave; hợp để sử dụng cho da mụn v&agrave; những l&agrave;n c&oacute; thi&ecirc;n hướng nhờn mụn</p>

<p>Tuy nhi&ecirc;n, nếu bạn c&oacute; những vấn đề da nghi&ecirc;m trọng, như da mụn nặng, h&atilde;y t&igrave;m đến c&aacute;c B&aacute;c sĩ da liễu để được tư vấn v&agrave; chỉ định sản phẩm ph&ugrave; hợp nhất cho da của m&igrave;nh.</p>

<h2><strong>Lưu &yacute; khi sử dụng sản phẩm&nbsp;</strong></h2>

<p>Với khả năng cấp ẩm vượt trội bởi tinh chất gi&agrave;u độ ẩm v&agrave; giữ được độ ẩm l&acirc;u d&agrave;i tr&ecirc;n da th&igrave; đ&acirc;y l&agrave; sản phẩm kh&ocirc;ng thể thiếu trong chu tr&igrave;nh dưỡng da.</p>

<p style="text-align:center"><img alt="" src="/Content/upload/img/can-lam-sach-da-mat-truoc-khi-su-dung-serum.jpg" style="height:233px; width:350px" /></p>

<p style="text-align:center"><em>Cần l&agrave;m sạch da mặt trước khi sử dụng serum</em></p>

<ul>
	<li>Sử dụng sản phẩm với liều lượng vừa đủ.</li>
	<li>Trong qu&aacute; tr&igrave;nh sử dụng nếu c&oacute; dấu hiệu k&iacute;ch ứng th&igrave; n&ecirc;n ngừng ngay.</li>
	<li>Sau khi sử dụng serum th&igrave; cần b&ocirc;i kem dưỡng c&oacute; kết cấu mỏng, nhẹ để tr&aacute;nh t&igrave;nh trạng h&uacute;t ẩm ngược.</li>
</ul>
', N'the-ordinary-hyaluronic-acid-2-b5-dung-cho-da-mun-đuoc-khong')
INSERT [dbo].[BlogDetails] ([idbt], [title], [shortcontent], [cardimg], [hideblog], [idb], [date_up], [contentblog], [metablog]) VALUES (1, N'Top 8 kem trị mụn tốt nhất được Bác sĩ khuyên dùng', N'Kem trị mụn là sản phẩm không thể thiếu với bất kì ai đang bị mụn. Đây cũng là giải pháp đơn giản nhất, dễ thực hiện để loại bỏ mụn trứng cá hiệu quả. Tuy nhiên, khi sử dụng cần lựa chọn sản phẩm phù hợp với từng loại mụn và từng loại da khác nhau. Đặc biệt khi mua kem trị mụn ở hiệu thuốc mà không có sự tư vấn, chỉ định của bác sĩ thì càng cần phải tìm hiểu kĩ để tránh việc da bị kích ứng hoặc nổi mụn nhiều hơn. Cùng tham khảo top 8 kem trị mụn tốt nhất thường xuyên được sử dụng và cho hiệu quả cao. ', N'https://vnras.com/drug/wp-content/uploads/2023/07/thuoc-tri-mun-10.jpg', 0, 3, CAST(N'2024-05-10T00:00:00.000' AS DateTime), N'<p>Kem trị mụn l&agrave; sản phẩm kh&ocirc;ng thể thiếu với bất k&igrave; ai đang bị mụn. Đ&acirc;y cũng l&agrave; giải ph&aacute;p đơn giản nhất, dễ thực hiện để loại bỏ mụn trứng c&aacute; hiệu quả. Tuy nhi&ecirc;n, khi sử dụng cần lựa chọn sản phẩm ph&ugrave; hợp với từng loại mụn v&agrave; từng loại da kh&aacute;c nhau. Đặc biệt khi mua kem trị mụn ở hiệu thuốc m&agrave; kh&ocirc;ng c&oacute; sự tư vấn, chỉ định của b&aacute;c sĩ th&igrave; c&agrave;ng cần phải t&igrave;m hiểu kĩ để tr&aacute;nh việc da bị k&iacute;ch ứng hoặc nổi mụn nhiều hơn. C&ugrave;ng tham khảo top 8 kem trị mụn tốt nhất thường xuy&ecirc;n được sử dụng v&agrave; cho hiệu quả cao.&nbsp;</p>
c 
<p style="text-align:center"><img alt="Top 8 kem trị mụn tốt nhất được Bác sĩ khuyên dùng" src="https://vnras.com/drug/wp-content/uploads/2023/07/thuoc-tri-mun-10.jpg" style="height:233px; width:500px" title="Top 8 kem trị mụn tốt nhất được Bác sĩ khuyên dùng" /></p>

<p style="text-align:center"><em>Top 8 kem trị mụn tốt nhất được B&aacute;c sĩ khuy&ecirc;n d&ugrave;ng</em></p>

<h2><strong>Kem trị mụn l&agrave; g&igrave;?</strong></h2>

<p><strong>Kem trị mụn l&agrave; sản phẩm dạng kem đặc hoặc dạng gel, chứa c&aacute;c th&agrave;nh phần kh&aacute;ng vi&ecirc;m, hỗ trợ gom cồi mụn, kiểm so&aacute;t nhờn v&agrave; ức chế vi khuẩn P.acnes &ndash; nguy&ecirc;n nh&acirc;n trực tiếp g&acirc;y ra mụn.</strong></p>

<p>Kem trị mụn ẩn dưới da đ&oacute;ng vai tr&ograve; quan trọng trong việc kiểm so&aacute;t nhờn, tr&aacute;nh g&acirc;y b&iacute;t tắc lỗ ch&acirc;n l&ocirc;ng. T&aacute;c động k&iacute;ch th&iacute;ch bong sừng, lỗ ch&acirc;n l&ocirc;ng mở ra, những nh&acirc;n mụn ẩn s&acirc;u dưới da sẽ tự trồi l&ecirc;n sau một khoảng thời gian. Hạn chế mức tối đa những tổn thương tr&ecirc;n da.</p>

<p style="text-align:center"><img alt="Kem trị mụn thường có dạng kem đặc hoặc dạng gel" src="https://vnras.com/drug/wp-content/uploads/2023/07/thuoc-tri-mun-10.jpg" style="height:333px; width:500px" title="Kem trị mụn thường có dạng kem đặc hoặc dạng gel" /></p>

<p style="text-align:center"><em>Kem trị mụn thường c&oacute; dạng kem đặc hoặc dạng gel</em></p>

<p>Kem trị mụn vi&ecirc;m t&aacute;c động trực tiếp đến c&aacute;c yếu tố g&acirc;y mụn. Ch&uacute;ng l&agrave;m giảm c&aacute;c triệu chứng sưng vi&ecirc;m của mụn, l&agrave;m dịu da với c&aacute;c th&agrave;nh phần c&oacute; t&aacute;c dụng kh&aacute;ng vi&ecirc;m, diệt khuẩn.&nbsp;</p>

<p>Từ đ&oacute;, gi&uacute;p da ngăn chặn được c&aacute;c vi khuẩn l&agrave;m tổn thương da, l&agrave;m sạch s&acirc;u, th&ocirc;ng tho&aacute;ng v&agrave; se kh&iacute;t lỗ ch&acirc;n l&ocirc;ng.</p>

<h2><strong>C&ocirc;ng dụng của kem trị mụn</strong></h2>

<p>Dựa tr&ecirc;n những hoạt chất c&oacute; t&iacute;nh kh&aacute;ng vi&ecirc;m, kh&aacute;ng khuẩn, l&agrave;m dịu da gi&uacute;p c&aacute;c nốt mụn đang sưng, vi&ecirc;m sẽ kh&ocirc; lại v&agrave; đẩy nh&acirc;n mụn l&ecirc;n tr&ecirc;n.</p>

<ul>
	<li>Giảm lượng dầu thừa tr&ecirc;n da để kiểm so&aacute;t t&igrave;nh trạng vi&ecirc;m nhiễm của mụn.</li>
	<li>Ti&ecirc;u diệt v&agrave; ngăn ngừa vi khuẩn x&acirc;m nhập v&agrave;o lỗ ch&acirc;n l&ocirc;ng.</li>
	<li>Chống vi&ecirc;m v&agrave; chống nhiễm tr&ugrave;ng đối với c&aacute;c ổ mụn c&oacute; tr&ecirc;n da.</li>
	<li>Kiểm so&aacute;t sự tăng sinh tr&ecirc;n da v&agrave; th&uacute;c đẩy qu&aacute; tr&igrave;nh trẻ h&oacute;a da mới.</li>
</ul>

<p>Ngo&agrave;i ra, c&ograve;n gi&uacute;p l&agrave;m l&agrave;nh c&aacute;c vết thương do mụn để lại, mờ th&acirc;m mụn v&agrave; ngăn ngừa mụn quay trở lại.</p>

<h2><strong>Hướng dẫn c&aacute;ch lựa chọn kem trị mụn hiệu quả v&agrave; an to&agrave;n</strong></h2>

<p>Để việc trị mụn trở n&ecirc;n hiệu quả, bạn cần biết c&aacute;ch lựa chọn sản phẩm trị mụn nhằm ph&aacute;t huy tối đa hiệu quả. Đặc biệt khi mua kem trị mụn ở hiệu thuốc, cần t&igrave;m hiểu r&otilde; dựa v&agrave;o những ti&ecirc;u ch&iacute; sau:</p>

<p style="text-align:center"><img alt="Lựa chọn sản phẩm phù hợp để việc trị mụn hiệu quả hơn" src="https://vnras.com/drug/wp-content/uploads/2023/07/thuoc-tri-mun-10.jpg" style="height:333px; width:500px" title="Lựa chọn sản phẩm phù hợp để việc trị mụn hiệu quả hơn" /></p>

<p style="text-align:center"><em>Lựa chọn sản phẩm ph&ugrave; hợp để việc trị mụn hiệu quả hơn</em></p>

<h3><strong>Loại da</strong></h3>

<p>Kem đặc trị mụn c&oacute; nhiều loại kh&aacute;c nhau, n&ecirc;n phải x&aacute;c định được l&agrave;n da thuộc dạng da n&agrave;o: Da kh&ocirc;, da dầu hay da nhạy cảm. X&aacute;c định được l&agrave;n da th&igrave; việc lựa chọn sản phẩm sẽ dễ d&agrave;ng hơn. Việc sử dụng sản phẩm đ&uacute;ng với l&agrave;n da kh&ocirc;ng chỉ gi&uacute;p cải thiện t&igrave;nh trạng mụn m&agrave; c&ograve;n tr&aacute;nh được k&iacute;ch ứng, tổn thương da.</p>

<h3><strong>Th&agrave;nh phần</strong></h3>

<p>Th&agrave;nh phần c&oacute; trong kem đặc trị mụn cực kỳ quan trọng, ch&uacute;ng sẽ t&aacute;c động trực tiếp l&ecirc;n l&agrave;n da. C&aacute;c th&agrave;nh phần sẽ quyết định những nốt mụn c&oacute; được điều trị hiệu quả kh&ocirc;ng hay kh&ocirc;ng c&oacute; t&aacute;c dụng. Ưu ti&ecirc;n chọn những th&agrave;nh phần được chiết xuất từ tự nhi&ecirc;n, c&oacute; t&iacute;nh chất dịu nhẹ đối với l&agrave;n da.&nbsp;</p>

<h3><strong>Gi&aacute; cả</strong></h3>

<p>Hiện nay đa phần c&aacute;c loại kem trị mụn ở hiệu thuốc thường c&oacute; gi&aacute; th&agrave;nh phải chăng. Bạn c&oacute; thể t&igrave;m hiểu th&agrave;nh phần trị mụn ph&ugrave; hợp. Sau đ&oacute; t&igrave;m mua những sản phẩm chứa c&aacute;c th&agrave;nh phần tr&ecirc;n nhưng c&oacute; gi&aacute; cả ph&ugrave; hợp với t&uacute;i tiền của m&igrave;nh.&nbsp;</p>

<h2><strong>Top 8 kem trị mụn tốt nhất v&agrave; hiệu quả</strong></h2>

<p>C&ugrave;ng với nhu cầu ng&agrave;y c&agrave;ng tăng, hiện nay thị trường cũng c&oacute; nhiều sản phẩm với gi&aacute; cả, th&agrave;nh phần v&agrave; c&ocirc;ng dụng kh&aacute;c nhau. Vậy đ&acirc;u l&agrave; sản phẩm trị mụn ph&ugrave; hợp với bạn? C&ugrave;ng tham khảo top sản phẩm trị mụn tốt nhất ở hiệu thuốc dưới đ&acirc;y để c&oacute; lựa chọn cho ri&ecirc;ng m&igrave;nh.</p>

<p><strong>Top 8 kem trị mụn tốt nhất thường được b&aacute;c sĩ chỉ định:&nbsp;</strong></p>

<ol>
	<li>Kem trị mụn Klenzit MS</li>
	<li>Kem trị mụn Derma Forte</li>
	<li>Kem trị mụn Megaduo Gel</li>
	<li>Kem trị mụn La Roche-Posay Effaclar A.I</li>
	<li>Kem trị mụn Bioderma Sebium Global</li>
	<li>Kem trị mụn Eucerin Pro Acne Solution Mattifying Fluid</li>
	<li>Kem trị mụn Shiseido Pimplit Acne Remedy</li>
	<li>Kem trị mụn SVR Sebiaclear Cicapeel</li>
</ol>

<p style="text-align:center"><img alt="Top 8 kem trị mụn tốt nhất được Bác sĩ khuyên dùng" src=https://vnras.com/drug/wp-content/uploads/2023/07/thuoc-tri-mun-10.jpg" style="height:333px; width:500px" title="Top 8 kem trị mụn tốt nhất được Bác sĩ khuyên dùng" /></p>

<p style="text-align:center"><em>Top 8 kem trị mụn tốt nhất được B&aacute;c sĩ khuy&ecirc;n d&ugrave;ng</em></p>

<h3><strong>Kem trị mụn Klenzit MS</strong></h3>

<p>Klenzit MS l&agrave; sản phẩm của c&ocirc;ng ty Glenmark Pharmaceuticals, c&oacute; xuất xứ từ Ấn Độ. V&igrave; kết cấu dạng gel n&ecirc;n sản phẩm n&agrave;y sẽ ph&ugrave; hợp với l&agrave;n da dầu mụn. Trường hợp da kh&ocirc; vẫn c&oacute; thể d&ugrave;ng nhưng cần dưỡng ẩm đầy đủ để hạn chế bong tr&oacute;c.</p>

<p>Sản phẩm c&oacute; t&aacute;c dụng điều trị v&agrave; ngăn ngừa mụn h&igrave;nh th&agrave;nh với th&agrave;nh phần ch&iacute;nh l&agrave; Adapalene với nồng độ 0.1%. C&oacute; t&aacute;c dụng l&agrave;m giảm mụn, ngăn ngừa mụn vi&ecirc;m v&agrave; th&uacute;c đẩy sự hồi phục l&agrave;n da. L&agrave;m bong tế b&agrave;o chết tr&ecirc;n da, gi&uacute;p lỗ ch&acirc;n l&ocirc;ng th&ocirc;ng tho&aacute;ng, kh&ocirc;ng bị b&iacute;t tắc bởi nh&acirc;n mụn.</p>

<h3><strong>Kem trị mụn Derma Forte</strong></h3>

<p>Derma Forte l&agrave; sản phẩm trị mụn, giảm th&acirc;m dạng gel được sản xuất bởi C&ocirc;ng ty H&oacute;a Mỹ Phẩm Gamma, được sản xuất tại Việt Nam. Hiệu quả với tất cả c&aacute;c loại mụn tr&ecirc;n da như mụn trứng c&aacute;, mụn đầu đen, mụn ẩn&hellip;</p>

<p>Nhờ c&ocirc;ng thức ti&ecirc;n tiến sản phẩm kh&ocirc;ng những điều trị, ngăn ngừa mụn m&agrave; c&ograve;n ngăn ngừa h&igrave;nh th&agrave;nh mụn. L&agrave;m sạch b&atilde; nhờn tr&ecirc;n da, hạn chế bong tr&oacute;c bằng việc cung cấp độ ẩm cho l&agrave;n da. B&ecirc;n cạnh đ&oacute;, c&ograve;n l&agrave;m mờ c&aacute;c vết th&acirc;m, hạn chế vết th&acirc;m sau mụn. Sản phẩm c&ograve;n c&oacute; t&aacute;c dụng chống oxy h&oacute;a v&agrave; l&agrave;m chậm qu&aacute; tr&igrave;nh l&atilde;o h&oacute;a da.</p>

<h3><strong>Gel trị mụn Megaduo Gel</strong></h3>

<p>Megaduo Gel được b&aacute;n ở hiệu thuốc đến từ thương hiệu Gamma Chemicals được sản xuất theo d&acirc;y chuyền c&ocirc;ng nghệ đạt chuẩn chất lượng GMP. Với th&agrave;nh phần an to&agrave;n, l&agrave;nh t&iacute;nh v&agrave; hiệu quả n&ecirc;n rất được c&aacute;c b&aacute;c sĩ da liễu khuy&ecirc;n d&ugrave;ng.</p>

<p>Megaduo gel với th&agrave;nh phần ch&iacute;nh l&agrave; Retinol 1.0 v&agrave; AHA gi&uacute;p l&agrave;m kh&ocirc; cồi mụn nhanh ch&oacute;ng, kh&aacute;ng vi&ecirc;m, khử khuẩn gi&uacute;p ngăn ngừa c&aacute;c loại mụn vi&ecirc;m, mụn trứng c&aacute; từ trung b&igrave;nh đến nặng. Gi&uacute;p ức chế sự h&igrave;nh th&agrave;nh th&acirc;m mụn sau khi điều trị mụn.</p>

<h3><strong>Kem trị mụn La Roche-Posay Effaclar A.I</strong></h3>

<p>La Roche-Posay Effaclar A.I l&agrave; sản phẩm thuộc thương hiệu La Roche-Posay đến từ nước Ph&aacute;p. Thương hiệu dược mỹ phẩm n&agrave;y chuy&ecirc;n nghi&ecirc;n cứu v&agrave; sản xuất c&aacute;c sản phẩm d&agrave;nh cho l&agrave;n da mụn.</p>

<p>Th&agrave;nh phần kh&ocirc;ng chứa Paraben, ph&ugrave; hợp với tất cả c&aacute;c loại da bao gồm da dầu, da nhạy cảm. Với th&agrave;nh phần l&agrave;nh t&iacute;nh, ngo&agrave;i c&ocirc;ng dụng trị mụn sản phẩm c&ograve;n gi&uacute;p điều tiết b&atilde; nhờn tr&ecirc;n da gi&uacute;p lỗ ch&acirc;n l&ocirc;ng được th&ocirc;ng tho&aacute;ng. Đặc biệt l&agrave; khả năng l&agrave;m mờ th&acirc;m sau mụn.&nbsp;</p>

<h3><strong>Kem trị mụn Bioderma Sebium Global</strong></h3>

<p>Bioderma Sebium Global l&agrave; sản phẩm của c&ocirc;ng ty Fluidactiv đến từ Ph&aacute;p. Chuy&ecirc;n giải quyết c&aacute;c vấn đề về b&atilde; nhờn, mụn v&agrave; se kh&iacute;t lỗ ch&acirc;n l&ocirc;ng. Sản phẩm ph&ugrave; hợp với hầu hết mọi loại da, kể cả l&agrave;n da nhạy cảm.</p>

<p>Sản phẩm c&oacute; t&aacute;c dụng l&agrave;m giảm mụn trứng c&aacute;, mụn đầu đen, điều tiết hoạt động của tuyến b&atilde; nhờn. Kem thấm nhanh, kh&ocirc;ng nhờn d&iacute;nh, gi&uacute;p da th&ocirc;ng tho&aacute;ng v&agrave; kh&ocirc;ng bị b&oacute;ng dầu. Đồng thời cấp ẩm v&agrave; ngăn ngừa sẹo sau mụn.</p>

<h3><strong>Kem trị mụn Eucerin Pro Acne Solution Mattifying Fluid</strong></h3>

<p>Eucerin Pro Acne Solution Mattifying Fluid thuộc thương hiệu Eucerin đến từ Đức. Sản phẩm d&ugrave;ng được cho l&agrave;n da nhạy cảm, gặp t&igrave;nh trạng mụn trứng c&aacute;, mụn đầu đen.</p>

<p>Sản phẩm c&oacute; t&aacute;c dụng giảm mụn v&agrave; ngăn ngừa t&igrave;nh trạng mụn t&aacute;i ph&aacute;t nhờ sự kết hợp của th&agrave;nh phần Glycolic Acid, Salicylic Acid v&agrave; Polyhydroxy Acid. C&oacute; c&ocirc;ng dụng kh&aacute;ng khuẩn, loại bỏ tế b&agrave;o chết nhẹ nh&agrave;ng v&agrave; l&agrave;m th&ocirc;ng tho&aacute;ng lỗ ch&acirc;n l&ocirc;ng. Gi&uacute;p giảm mụn hiệu quả m&agrave; kh&ocirc;ng g&acirc;y bong tr&oacute;c da.</p>

<h3><strong>Kem trị mụn Shiseido Pimplit Acne Remedy</strong></h3>

<p>Kem trị mụn Nhật Bản Shiseido Pimplit Acne Remedy hoạt động theo nguy&ecirc;n l&yacute; l&agrave;m kh&ocirc; cồi mụn v&agrave; đẩy nh&acirc;n mụn ra ngo&agrave;i. Sản phẩm hiệu quả đối với mụn trứng c&aacute;, mụn nhỏ li ti, mụn vi&ecirc;m, mụn bọc&hellip;</p>

<p>Th&agrave;nh phần dịu nhẹ trong sản phẩm n&ecirc;n mang lại hiệu quả cao m&agrave; kh&ocirc;ng g&acirc;y kh&ocirc; da. Chất kem dạng gel n&ecirc;n dễ thẩm thấu v&agrave;o da v&agrave; kh&ocirc;ng g&acirc;y b&iacute;t tắc lỗ ch&acirc;n l&ocirc;ng. Giảm t&igrave;nh trạng mụn sưng vi&ecirc;m v&agrave; nhanh ch&oacute;ng phục hồi tổn thương do mụn. Đồng thời, sản phẩm c&ograve;n c&oacute; t&aacute;c dụng bổ sung độ ẩm hạn chế t&igrave;nh trạng kh&ocirc; da hay bong tr&oacute;c da.</p>

<h3><strong>Kem trị mụn SVR Sebiaclear Cicapeel</strong></h3>

<p>SVR Sebiaclear Cicapeel đến từ thương hiệu dược mỹ phẩm SVR nổi tiếng tại Ph&aacute;p. Ph&aacute;t huy t&aacute;c dụng suốt 24h gi&uacute;p giảm sưng vi&ecirc;m v&agrave; điều trị mụn. Đặc biệt, sản phẩm th&iacute;ch hợp cho da dầu v&agrave; hỗn hợp thi&ecirc;n dầu, da mụn nhạy cảm.</p>

<p>Sản phẩm c&oacute; kết cấu dạng gel trong suốt, thẩm thấu tức th&igrave;. Th&iacute;ch hợp với da bị mụn trứng c&aacute;, mụn đầu đen, mụn sưng vi&ecirc;m hay mụn mủ. T&igrave;nh trạng nốt mụn vi&ecirc;m sưng giảm r&otilde; rệt v&agrave; ngăn ngừa mụn ph&aacute;t triển rộng hơn. Ngo&agrave;i c&ocirc;ng dụng giảm mụn v&agrave; loại bỏ dầu thừa tr&ecirc;n da, trong th&agrave;nh phần c&ograve;n c&oacute; chất dưỡng ẩm, gi&uacute;p nu&ocirc;i dưỡng da.&nbsp;</p>

<p>Tr&ecirc;n đ&acirc;y l&agrave; 8 sản phẩm trị mụn đang được rất nhiều người tin d&ugrave;ng bởi chất lượng cũng như gi&aacute; cả của sản phẩm. Bạn c&oacute; thể mua sản phẩm kem trị mụn ở hiệu thuốc để được tư vấn sử dụng sản phẩm v&agrave; hiệu quả điều trị cao hơn. Ngo&agrave;i ra, tại một số cơ sở điều trị mụn chuy&ecirc;n khoa, c&oacute; c&aacute;c b&aacute;c sĩ v&agrave; dược sĩ bạn sẽ được tư vấn kỹ c&agrave;ng về c&aacute;ch sử dụng cũng như lựa chọn được sản phẩm ph&ugrave; hợp nhất với t&igrave;nh trạng da của m&igrave;nh.</p>

<h2><strong>Lưu &yacute; khi d&ugrave;ng kem trị mụn để đạt được hiệu quả tốt nhất</strong></h2>

<p>Nếu bạn chọn kem trị mụn ở hiệu thuốc, cần đảm bảo được tư vấn kĩ c&agrave;ng về loại da để mua được sản phẩm ph&ugrave; hợp. Ngo&agrave;i việc chọn kem đặc trị mụn, bạn cần ch&uacute; &yacute; một số việc để trị mụn hiệu quả hơn, ngăn ngừa mụn quay trở lại:</p>

<p style="text-align:center"><img alt="Trị mụn đúng cách giúp bạn sớm hết mụn và không để lại sẹo" src="https://vnras.com/drug/wp-content/uploads/2023/07/thuoc-tri-mun-10.jpg" style="height:333px; width:500px" title="Trị mụn đúng cách giúp bạn sớm hết mụn và không để lại sẹo" /></p>

<p style="text-align:center"><em>Trị mụn đ&uacute;ng c&aacute;ch gi&uacute;p bạn sớm hết mụn v&agrave; kh&ocirc;ng để lại sẹo</em></p>

<ul>
	<li>Đọc kỹ hướng dẫn sử dụng, kiểm tra trong sản phẩm xem bạn c&oacute; bị ứng với bất kỳ th&agrave;nh phần n&agrave;o kh&ocirc;ng.</li>
	<li>Thử thoa kem trước ở 1 &ndash; 2 nốt mụn trong 3 ng&agrave;y, nếu thấy phản ứng dị ứng th&igrave; cần ngưng sử dụng ngay.</li>
	<li>Hạn chế sờ tay l&ecirc;n mặt, kh&ocirc;ng d&ugrave;ng tay nặn mụn l&agrave;m l&acirc;y lan khiến t&igrave;nh trạng da tệ hơn v&agrave; kh&oacute; điều trị hơn.</li>
	<li>Kh&ocirc;ng n&ecirc;n thay đổi sản phẩm li&ecirc;n tục. Ki&ecirc;n tr&igrave; sử dụng kể cả khi hết mụn nhưng với tần suất giảm dần để đảm bảo loại bỏ dứt điểm mụn.</li>
	<li>Tuyệt đối kh&ocirc;ng sử dụng sản phẩm c&oacute; chứa Corticoid. Mặc d&ugrave; sẽ cho kết quả nhanh nhưng t&igrave;nh trạng mụn sẽ nghi&ecirc;m trọng hơn về sau v&igrave; phần lớn trong th&agrave;nh phần chỉ chứa Corticoid v&agrave; h&oacute;a chất độc hại.</li>
	<li>Thoa kem chống nắng mỗi ng&agrave;y, kết hợp che chắn cẩn thận để bảo vệ l&agrave;n da khỏi tia UV.</li>
	<li>Kết hợp với chế độ ăn uống khoa học, ăn nhiều rau xanh. Tr&aacute;nh c&aacute;c thức ăn nhiều dầu mỡ, đồ ăn cay n&oacute;ng v&agrave; đồ uống c&oacute; chứa cồn&hellip;</li>
	<li>Ngủ đủ giấc, luyện tập thể dục thể thao thường xuy&ecirc;n. Kh&ocirc;ng thức khuya, hạn chế căng thẳng, stress&hellip;</li>
</ul>

<p>Chọn sản phẩm ph&ugrave; hợp v&agrave; sử dụng đ&uacute;ng c&aacute;ch sẽ gi&uacute;p bạn sớm lấy lại l&agrave;n da l&aacute;ng mịn v&agrave; kh&ocirc;ng bị mụn trở lại.</p>
', N'top-8-kem-tri-mun-tot-nhat-đuoc-bac-si-khuyen-dung')
INSERT [dbo].[BlogDetails] ([idbt], [title], [shortcontent], [cardimg], [hideblog], [idb], [date_up], [contentblog], [metablog]) VALUES (6, N'Top 5 miếng dán mụn hiệu quả nhất', N'Miếng dán mụn cóc là sản phẩm che khuyết điểm, hỗ trợ trị mụn. Top miếng dán mụn cosrx, acnes, some by mi hiệu quả', N'https://cdn.nhathuoclongchau.com.vn/unsafe/800x0/https://cms-prod.s3-sgn09.fptcloud.com/top_5_san_pham_mieng_dan_mun_hieu_qua_nhat_hien_nay_5_a4ac76bd9c.jpg', 0, 8, CAST(N'2024-05-10T00:00:00.000' AS DateTime), N'<p>Mụn lu&ocirc;n xuất hiện trong những l&uacute;c v&ocirc; c&ugrave;ng quan trọng như l&agrave; cần đi tiệc, đi chơi,&hellip; Đừng lo, giờ đ&atilde; c&oacute; miếng d&aacute;n mụn cosrx, acnes, some by mi,&hellip; đ&aacute;nh bay nỗi lo của bạn. H&atilde;y c&ugrave;ng O2 SKIN t&igrave;m hiểu chi tiết top sản phẩm hiệu quả nhất nh&eacute;.</p>

<p style="text-align:center"><img alt="Miếng dán mụn là gì" src="https://cdn.tgdd.vn/Files/2020/10/02/1295446/mieng-dan-mun-la-gi-su-dung-mieng-dan-mun-thuong-xuyen-co-tot-khong-202202161425565270.jpg" style="height:333px; width:500px" title="Miếng dán mụn là gì" /></p>

<p style="text-align:center"><em>Miếng d&aacute;n mụn l&agrave; g&igrave;</em></p>

<h2><strong>Miếng d&aacute;n mụn l&agrave; g&igrave;? C&ocirc;ng dụng ch&iacute;nh của sản phẩm tr&ecirc;n da?</strong></h2>

<p>Sản phẩm thường được l&agrave;m dạng h&igrave;nh tr&ograve;n, m&agrave;u sắc tệp với m&agrave;u da. Độ b&aacute;m d&iacute;nh v&agrave;o da của miếng d&aacute;n c&oacute; thuốc gi&uacute;p giảm sưng, diệt khuẩn v&agrave; kh&ocirc; cồi nhanh ch&oacute;ng.</p>

<p style="text-align:center"><img alt="Công dụng miếng dán mụn" src="https://o2skin-media.hn.ss.bfcplatform.vn/wp-content/uploads/2022/08/30.jpg" style="height:333px; width:500px" title="Công dụng miếng dán mụn" /></p>

<p style="text-align:center"><em>C&ocirc;ng dụng miếng d&aacute;n mụn</em></p>

<p>Sản phẩm gi&uacute;p bảo vệ v&ugrave;ng da mụn khỏi c&aacute;c t&aacute;c nh&acirc;n xấu từ b&ecirc;n ngo&agrave;i, ngăn chặn sự tiếp x&uacute;c v&agrave; l&acirc;y lan của vi khuẩn. Từ đ&oacute;, gi&uacute;p da trở n&ecirc;n thẩm mỹ, dễ make-up hơn m&agrave; việc điều trị mụn sau đ&oacute; cũng dễ d&agrave;ng hơn.</p>

<h3><strong>C&ocirc;ng dụng ch&iacute;nh của sản phẩm tr&ecirc;n da?</strong></h3>

<p>Sản phẩm được sử dụng rất phổ biến tr&ecirc;n thị trường chăm s&oacute;c da ng&agrave;y nay. Dưới đ&acirc;y l&agrave; c&aacute;c c&ocirc;ng dụng ch&iacute;nh của ch&uacute;ng:</p>

<ul>
	<li>C&aacute;ch ly v&ugrave;ng da bị mụn khỏi c&aacute;c t&aacute;c nh&acirc;n xấu từ m&ocirc;i trường</li>
	<li>Gi&uacute;p v&ugrave;ng da bị mụn mau phục hồi hơn</li>
	<li>Gi&uacute;p cồi mụn mau kh&ocirc; v&agrave; được đẩy l&ecirc;n bề mặt da</li>
	<li>Một số miếng d&aacute;n c&oacute; thuốc gi&uacute;p giảm sưng, giảm vi&ecirc;m tr&ecirc;n da</li>
	<li>T&iacute;nh thẩm mỹ được cải thiện, c&oacute; thể tạm thời make up</li>
</ul>

<p>Dưới đ&acirc;y l&agrave; chi tiết top 5 thương hiệu được nhiều người sử dụng v&agrave; đ&aacute;nh gi&aacute; cao về hiệu quả:</p>

<h2><strong>Top 5 miếng d&aacute;n mụn hiệu quả hiện nay</strong></h2>

<p>Miếng d&aacute;n mụn được xem l&agrave; giải ph&aacute;p cứu c&aacute;nh tức th&igrave; cho l&agrave;m da đang bị nổi mụn. Với cấu tạo m&agrave;u sắc tệp với m&agrave;u da, vừa thẩm mỹ m&agrave; vừa hỗ trợ qu&aacute; tr&igrave;nh mụn được cải thiện đang kể sau khi d&ugrave;ng.</p>

<p><strong>Danh s&aacute;ch top 5 sản phẩm d&aacute;n mụn tốt nhất:</strong></p>

<ol>
	<li>Miếng d&aacute;n mụn cosrx</li>
	<li>Miếng d&aacute;n mụn some by mi</li>
	<li>Miếng d&aacute;n mụn acnes</li>
	<li>Miếng d&aacute;n mụn&nbsp;Mighty Patch</li>
	<li>Miếng d&aacute;n mụn&nbsp;Peace Out Acne</li>
</ol>

<p>H&atilde;y c&ugrave;ng O2 SKIN t&igrave;m hiểu chi tiết từng loại từng sản phẩm để chọn được loại ph&ugrave; hợp cho da bạn nh&eacute;!</p>

<ol>
	<li>
	<h3><strong>Miếng d&aacute;n mụn COSRX Acne Pimple Master Patch</strong></h3>
	</li>
</ol>

<p>COSRX l&agrave; thương hiệu mỹ phẩm đến từ xứ sở Kim chi được nhiều bạn trẻ ưa chuộng. Bởi t&iacute;nh th&acirc;n thiện trong th&agrave;nh phần sản phẩm, bao b&igrave; đẹp mắt v&agrave; lu&ocirc;n t&acirc;m đến tiếng n&oacute;i của l&agrave;n da kh&aacute;ch h&agrave;ng.</p>

<p style="text-align:center"><img alt="Miếng dán COSRX Acne Pimple Master Patch" src="https://product.hstatic.net/200000409515/product/51l4pfyujxl_ab0bc10375cb45678b3ffda15a56e08b.jpg" style="height:233px; width:350px" title="Miếng dán COSRX Acne Pimple Master Patch" /></p>

<p style="text-align:center"><em>Miếng d&aacute;n COSRX Acne Pimple Master Patch</em></p>

<p><strong>Xuất xứ:</strong>&nbsp;H&agrave;n Quốc</p>

<p><strong>Gi&aacute; tham khảo:</strong>&nbsp;70K &ndash; 80K/ g&oacute;i 24 miếng</p>

<p><strong>Chi tiết:</strong></p>

<ul>
	<li>Kết cấu miếng d&aacute;n mụn cosrx trong suốt dễ d&agrave;ng che đi c&aacute;c đốm đỏ tr&ecirc;n da, tăng t&iacute;nh thẩm mỹ.</li>
	<li>Sản phẩm c&oacute; bổ sung vitamin B5, gi&uacute;p kiềm dầu v&agrave; ngăn chặn vi khuẩn của nốt mụn ph&aacute;t triển v&agrave; l&acirc;y lan.</li>
	<li>Kh&ocirc;ng thấm nước, ng&agrave;y cả khi đi bơi, hoặc x&ocirc;ng hơi</li>
</ul>

<ol start="2">
	<li>
	<h3><strong>Miếng d&aacute;n mụn Some By Mi</strong></h3>
	</li>
</ol>

<p>Some By Mi cũng l&agrave; một thương hiệu đến từ H&agrave;n Quốc nhưng đi đầu trong việc d&ugrave;ng th&agrave;nh phần thi&ecirc;n nhi&ecirc;n trong việc chăm s&oacute;c da. Bao b&igrave; m&agrave;u xanh &ndash; trắng chủ đạo nhẹ nh&agrave;ng, g&acirc;y được nhiều thiện cảm cho người chăm s&oacute;c da thuần thi&ecirc;n nhi&ecirc;n.</p>

<p style="text-align:center"><img alt="Miếng dán Some By Mi" src="https://classic.vn/wp-content/uploads/2020/11/some-3.jpg" style="height:267px; width:400px" title="Miếng dán Some By Mi" /></p>

<p style="text-align:center"><em>Miếng d&aacute;n Some By Mi</em></p>

<p><strong>Xuất xứ:</strong>&nbsp;H&agrave;n Quốc</p>

<p><strong>Gi&aacute; tham khảo:</strong>&nbsp;75K &ndash; 80K/ g&oacute;i 18 miếng</p>

<p><strong>Chi tiết:</strong></p>

<ul>
	<li>Sản phẩm c&oacute; 4 k&iacute;ch cỡ từ nhỏ đến lớn, ph&ugrave; hợp cho từng loại mụn tr&ecirc;n da</li>
	<li>Sản phẩm c&oacute; bổ sung&nbsp;Hydrocolloid ngăn chặn vi khuẩn ph&aacute;t triển</li>
	<li>Gi&uacute;p cồi mụn kh&ocirc; nhanh v&agrave; h&uacute;t c&aacute;c chất dịch, nhờn trong nh&acirc;n mụn ra ngo&agrave;i</li>
	<li>Sản phẩm được giới thiệu l&agrave; chống tr&ocirc;i khi đổ mồ h&ocirc;i, tắm hồ bơi,&hellip;.</li>
</ul>

<ol start="3">
	<li>
	<h3><strong>Miếng d&aacute;n mụn acnes clear patch</strong></h3>
	</li>
</ol>

<p>Miếng d&aacute;n mụn Acnes l&agrave; sản phẩm của tập đo&agrave;n&nbsp;Rohto-Mentholatum, với 3 t&aacute;c động nổi bật: giảm mụn, bảo vệ v&agrave; che phủ gi&uacute;p nh&acirc;n mụn dễ d&agrave;ng tho&aacute;t ra ngo&agrave;i sau sau 8 giờ sử dụng.</p>

<p style="text-align:center"><img alt="Miếng dán acnes clear patch" src="https://rohto.com.vn/images/2022/acnes-clear-patch-24-20221121.jpg" style="height:267px; width:400px" title="Miếng dán acnes clear patch" /></p>

<p style="text-align:center"><em>Miếng d&aacute;n acnes clear patch</em></p>

<p><strong>Xuất xứ:</strong>&nbsp;Nhật Bản</p>

<p><strong>Gi&aacute; tham khảo:</strong>&nbsp;40K &ndash; 80K/ g&oacute;i 24 &ndash; 48 miếng</p>

<p><strong>Chi tiết:</strong></p>

<ul>
	<li>Sản phẩm c&oacute; bổ sung AHA l&agrave;m mềm nh&acirc;n mụn, tr&oacute;c lớp sừng, nh&acirc;n mụn dễ tho&aacute;t ra</li>
	<li>Chiết xuất nho gi&uacute;p ngăn ngừa h&igrave;nh th&agrave;nh&nbsp;<a href="https://o2skin-media.hn.ss.bfcplatform.vn/wp-content/uploads/2022/08/34.jpg">mụn th&acirc;m</a>.</li>
	<li>Độ b&aacute;m d&iacute;nh sản phẩm c&aacute;o, chống tr&ocirc;i v&agrave; che phủ mụn tốt để dễ d&agrave;ng makeup</li>
</ul>

<ol start="4">
	<li>
	<h3><strong>Miếng d&aacute;n mụn Mighty Patch</strong></h3>
	</li>
</ol>

<p>Sản phẩm của Mighty Patch được sử dụng 100% th&agrave;nh phần thi&ecirc;n nhi&ecirc;n, kh&ocirc;ng thử nghiệm tr&ecirc;n động vật. Với t&aacute;c động r&otilde; rết l&ecirc;n nốt mụn trong v&ograve;ng 6-8 giờ sử dụng</p>

<p style="text-align:center"><img alt="Miếng dán mụn Mighty Patch" src="https://o2skin-media.hn.ss.bfcplatform.vn/wp-content/uploads/2022/08/34.jpg" style="height:300px; width:450px" title="Miếng dán mụn Mighty Patch" /></p>

<p style="text-align:center"><em>Miếng d&aacute;n mụn Mighty Patch</em></p>

<p><strong>Xuất xứ:</strong>&nbsp;Mỹ</p>

<p><strong>Gi&aacute; tham khảo:</strong>&nbsp;302K/ g&oacute;i 36 miếng</p>

<p><strong>CHI TIẾT:</strong></p>

<ul>
	<li>Kết cấu si&ecirc;u mỏng v&agrave; che phủ cực kỳ tốt, nốt mụn bảo vệ ho&agrave;n to&agrave;n với m&ocirc;i trường b&ecirc;n ngo&agrave;i</li>
	<li>Sản phẩm c&oacute; bổ sung muối kho&aacute;ng v&agrave; BHA gi&uacute;p l&agrave;m sạch lỗ ch&acirc;n l&ocirc;ng, h&uacute;t dịch mụn, l&agrave;m l&agrave;nh da</li>
	<li>Hạn chế để lại vết th&acirc;m sau mụn</li>
</ul>

<ol start="5">
	<li>
	<h3>Miếng d&aacute;n mụn&nbsp;Peace Out Acne</h3>
	</li>
</ol>

<p>Cuối c&ugrave;ng l&agrave; si&ecirc;u phẩm t&agrave;ng h&igrave;nh v&agrave; giảm sưng nhanh ch&oacute;ng đến từ nh&agrave; Peace Out Acne. Thương hiệu Peace c&oacute; quan hệ đối t&aacute;c độc quyền với nh&agrave;&nbsp;Sephora US.</p>

<p style="text-align:center"><img alt="Miếng dán mụn Peace Out Acne" src="https://encrypted-tbn0.gstatic.com/images?q=tbn:ANd9GcTdGav2TtJDHLLO2-h6WezHDmmmicUJYg1FVP49G7v6Pg&s" style="height:300px; width:450px" title="Miếng dán mụn Peace Out Acne" /></p>

<p style="text-align:center"><em>Miếng d&aacute;n mụn Peace Out Acne</em></p>

<p><strong>Xuất xứ:</strong>&nbsp;Mỹ</p>

<p><strong>Gi&aacute; tham khảo:</strong>&nbsp;1100K/ g&oacute;i 20 miếng</p>

<p><strong>Chi tiết</strong></p>

<ul>
	<li>Sản phẩm của Peace Out Acne với bộ đ&ocirc;i&nbsp;hydrocolloid v&agrave; Saicylic Acid gi&uacute;p mụn được kh&ocirc; nhanh v&agrave; h&uacute;t dịch ra ngo&agrave;i</li>
	<li>Với khả năng l&agrave;m dịu vết mụn nhanh ch&oacute;ng, giảm sưng v&agrave; ngăn chặn vi khuẩn ph&aacute;t triển</li>
	<li>Bổ sung th&ecirc;m vitamin A để nốt mụn được phục hồi tốt hơn v&agrave;&nbsp;<a href="https://o2skin.vn/top-5-kem-tri-tham-mun-tot-nhat-hien-nay/">trị mụn th&acirc;m</a></li>
</ul>

<h2><strong>Lưu &yacute; khi d&ugrave;ng sản phẩm miếng d&aacute;n</strong></h2>

<p>Miếng d&aacute;n mang lại nhiều kết quả tốt v&agrave; nhanh ch&oacute;ng như vậy cho l&agrave;n da. Tuy nhi&ecirc;n, khi sử dụng bạn cũng cần đọc qua những lưu &yacute; sau:</p>

<p style="text-align:center"><img alt="Lưu ý khi dùng sản phẩm miếng dán" src="https://data-service.pharmacity.io/pmc-upload-media/production/pmc-ecm-core/products/P13512_6.jpg" style="height:267px; width:400px" title="Lưu ý khi dùng sản phẩm miếng dán" /></p>

<p style="text-align:center"><em>Lưu &yacute; khi d&ugrave;ng sản phẩm miếng d&aacute;n</em></p>

<ul>
	<li>Rửa mặt sạch trước khi d&ugrave;ng để tr&aacute;nh da bị b&iacute; v&agrave; mụn bị vi&ecirc;m nặng hơn</li>
	<li>Kh&ocirc;ng d&ugrave;ng l&ecirc;n vết thương bị hở, đang rỉ dịch, nước v&agrave;ng</li>
	<li>Kh&ocirc;ng d&ugrave;ng bất cứ kem, gel,&hellip; l&ecirc;n nốt mụn trước khi d&aacute;n&nbsp;</li>
	<li>Đảm bảo da được vệ sinh sau khi th&aacute;o sản phẩm ra</li>
	<li>Lựa chọn k&iacute;ch cỡ miếng d&aacute;n ph&ugrave; hợp với đốm đỏ tr&ecirc;n da</li>
</ul>

<p>B&ecirc;n cạnh đ&oacute;, bạn cũng kh&ocirc;ng n&ecirc;n qu&aacute; phụ thuộc v&agrave;o sản phẩm. H&atilde;y c&acirc;n bằng chế độ ăn uống nhiều rau, củ quả, hạn chế thức ăn ngọt, nước uống c&oacute; gas,&hellip;để chấm dứt mụn triệt để nh&eacute;.</p>
', N'top-5-mieng-dan-mun-hieu-qua-nhat')
INSERT [dbo].[BlogDetails] ([idbt], [title], [shortcontent], [cardimg], [hideblog], [idb], [date_up], [contentblog], [metablog]) VALUES (2, N'Review Top 05 serum Vitamin C cho da dầu mụn', N'Review serum vitamin c tốt nhất cho da dầu mụn. Serum balance vitamin c có tác dụng gì? Hướng dẫn sử dụng vitamin c hiệu quả tại nhà', N'https://media.glamour.com/photos/641be43f94205bb8319cf193/16:9/w_3488,h_1962,c_limit/3-21-vit-c-serums%20(1).jpg', 0, 9, CAST(N'2024-05-10T00:00:00.000' AS DateTime), N'<p>Serum vitamin C c&oacute; t&aacute;c dụng g&igrave; cho l&agrave;n da? C&aacute;ch sử dụng hiệu quả để loại bỏ th&acirc;m n&aacute;m tr&ecirc;n da tốt nhất? Serum vitamin C cho da dầu mụn hiệu quả? Đ&acirc;y l&agrave; những c&acirc;u hỏi được rất nhiều người quan t&acirc;m. Ngay sau đ&acirc;y O2 SKIN sẽ c&ugrave;ng bạn đọc giải đ&aacute;p.&nbsp;</p>

<p style="text-align:center"><img alt="Mẹo trị mụn bọc tại nhà an toàn và hiệu quả" src="https://cdn.chiaki.vn/unsafe/0x240/left/top/smart/filters:quality(75)/https://chiaki.vn/upload/news/2022/10/top-15-serum-cho-da-nhay-cam-tot-nhat-hien-nay-21102022151142.jpg" style="height:400px; width:600px" title="Mẹo trị mụn bọc tại nhà an toàn và hiệu quả" /></p>

<p style="text-align:center"><em>Mẹo trị mụn bọc tại nh&agrave; an to&agrave;n v&agrave; hiệu quả</em></p>

<h2>Serum vitamin C c&oacute; t&aacute;c dụng g&igrave;?</h2>

<p>Serum vitamin C l&agrave; một dẫn xuất từ Vitamin C tinh khiết, được ổn định bằng c&aacute;c dưỡng chất kh&aacute;c để t&aacute;c dụng hiệu quả l&ecirc;n da. Vậy serum vitamin C c&oacute; t&aacute;c dụng l&agrave; g&igrave; m&agrave; khiến chị em chao đảo, phải mua bằng được một em vitamin C trong quy tr&igrave;nh chăm s&oacute;c da của m&igrave;nh? T&aacute;c dụng của serum vitamin C đ&oacute; l&agrave;&nbsp;<strong>k&iacute;ch th&iacute;ch sản sinh collagen để b&ugrave; đắp v&agrave; phục hồi những hư tổn tr&ecirc;n da do mụn hoặc c&aacute;c thủ thuật x&acirc;m lấn để lại. Mặt kh&aacute;c, n&oacute; c&ograve;n l&agrave;n tan r&atilde; c&aacute;c hắc tố melanin tr&ecirc;n da như l&agrave; n&aacute;m, vết th&acirc;m v&agrave; t&agrave;n nhang,&hellip; gi&uacute;p da tr&ocirc;ng căng b&oacute;ng, khỏe khoắn hơn.</strong></p>

<p style="text-align:center"><img alt="Serum vitamin C có tác dụng gì?" src="https://cdn.chiaki.vn/unsafe/0x240/left/top/smart/filters:quality(75)/https://chiaki.vn/upload/news/2022/10/top-15-serum-cho-da-nhay-cam-tot-nhat-hien-nay-21102022151142.jpg" style="height:400px; width:600px" title="Serum vitamin C có tác dụng gì?" /></p>

<p style="text-align:center"><em>Serum vitamin C c&oacute; t&aacute;c dụng g&igrave;?</em></p>

<p>&nbsp;</p>

<h2>Ti&ecirc;u ch&iacute; chọn Vitamin C cho da dầu mụn</h2>

<p>Để chọn được serum vitamin C ph&ugrave; hợp cho l&agrave;n da dầu mụn thật kh&ocirc;ng dễ d&agrave;ng. V&igrave; hiện tại da đang v&ocirc; c&ugrave;ng nhạy cảm v&agrave; tổn thương do mụn g&acirc;y ra, n&ecirc;n để chọn được serum ph&ugrave; hợp bạn cần tham khảo qua một số ti&ecirc;u ch&iacute; sau:</p>

<ul>
	<li><strong>Lựa chọn kết cấu vitamin C:</strong>&nbsp;Hiện nay, serum C c&oacute; 2 loại phổ biến nhất l&agrave; tan trong dầu v&agrave; tan trong nước. Đối với l&agrave;n da nhiều dầu, c&oacute; mụn th&igrave; n&ecirc;n lựa chọn sản phẩm serum tan nhanh trong nước, kết cấu mỏng nhẹ v&agrave; thấm nhanh hơn, tr&aacute;nh t&igrave;nh trạng bết d&iacute;nh v&agrave; sinh mụn tr&ecirc;n da.</li>
	<li><strong>Nồng độ Vitamin C trong sản phẩm:&nbsp;</strong>Nồng độ c&agrave;ng cao th&igrave; khả năng l&agrave;m s&aacute;ng da, k&iacute;ch th&iacute;ch tế b&agrave;o c&agrave;ng mạnh v&agrave; hiệu quả hơn. Tuy nhi&ecirc;n, rất dễ g&acirc;y ra t&igrave;nh trạng k&iacute;ch ứng v&agrave; mẫn đỏ cho da. Đối với l&agrave;n da dầu mụn, nhạy cảm chỉ n&ecirc;n d&ugrave;ng sản phẩm trong nồng độ từ 5-10% l&agrave; tốt nhất.</li>
	<li><strong>Lưu &yacute; c&aacute;ch bảo quản sản phẩm:</strong>&nbsp;Vitamin C sau khi sử dụng kh&ocirc;ng được bảo quản đ&uacute;ng c&aacute;ch (kh&ocirc;ng đ&oacute;ng chặt nắp, một số loại phải bảo quản lạnh,&hellip;) sẽ bị oxy h&oacute;a v&agrave; mất t&aacute;c dụng tr&ecirc;n da.</li>
	<li><strong>Lựa chọn thương hiệu uy t&iacute;n</strong>: Chọn mua c&aacute;c sản phẩm vitamin C đến từ c&aacute;c thương hiệu uy t&iacute;n, để tr&aacute;nh c&aacute;c sản phẩm k&eacute;m chất lượng.</li>
</ul>

<h2>Top 5 serum vitamin C cho da dầu mụn</h2>

<p>Vitamin C thấm s&acirc;u v&agrave;o lỗ ch&acirc;n l&ocirc;ng để nu&ocirc;i dưỡng s&acirc;u cho da, gi&uacute;p l&agrave;m mờ c&aacute;c vết th&acirc;m mụn, ngăn ngừa c&aacute;c dấu hiệu l&atilde;o h&oacute;a da hiệu quả.</p>

<p><strong>Dưới đ&acirc;y l&agrave; danh s&aacute;ch top 05 serum được nhiều người tin d&ugrave;ng v&agrave; đ&aacute;nh gi&aacute; cao</strong>:</p>

<ol>
	<li>Serum balance vitamin C s&aacute;ng da mờ th&acirc;m cho da dầu</li>
	<li>Serum&nbsp;ACM&nbsp;mờ th&acirc;m trắng s&aacute;ng da 15% vitamin C</li>
	<li>Serum trị mụn, mờ đốm n&acirc;u, vết th&acirc;m&nbsp;&nbsp;Jean D&rsquo;Arcel Dermal Whitening Vitamin C&nbsp;</li>
	<li>Serum ngăn ngừa l&atilde;o h&oacute;a, căng b&oacute;ng da Image Iluma Vitamin C</li>
	<li>Serum tinh chất c&ocirc; vitamin C c&ocirc; đặc VICHY AMPOULE VITAMIN C&nbsp;</li>
</ol>

<p>H&atilde;y c&ugrave;ng O2 SKIN t&igrave;m hiểu chi tiết về từng sản phẩm tr&ecirc;n nh&eacute;!</p>

<h3>Serum balance vitamin C s&aacute;ng da mờ th&acirc;m cho da dầu</h3>

<p>Serum balance&nbsp; nồng độ 12% Vitamin C l&agrave;&nbsp;d&acirc;̃n xu&acirc;́t SAP và AA2G (d&acirc;̃n xu&acirc;́t ít g&acirc;y kích ứng cho da, nhẹ dịu, ph&ugrave; hợp với mọi loại da v&agrave; da mụn). Gi&uacute;p thẩm thấu nhanh qua th&agrave;nh tế b&agrave;o v&agrave; cải thiện l&agrave;n da xỉn m&agrave;u hiệu quả hơn</p>

<p style="text-align:center"><img alt="Serum balance vitamin C sáng da mờ thâm cho da dầu" src="https://cdn.chiaki.vn/unsafe/0x240/left/top/smart/filters:quality(75)/https://chiaki.vn/upload/news/2022/10/top-15-serum-cho-da-nhay-cam-tot-nhat-hien-nay-21102022151142.jpg" style="height:400px; width:600px" title="Serum balance vitamin C sáng da mờ thâm cho da dầu" /></p>

<p style="text-align:center"><em>Serum balance vitamin C s&aacute;ng da mờ th&acirc;m cho da dầu</em></p>

<p><strong>Th&ocirc;ng tin sản phẩm:</strong></p>

<p>Xuất xứ: Anh</p>

<p>Dung t&iacute;ch: 30ml</p>

<p><strong>Th&agrave;nh phần v&agrave; c&ocirc;ng dụng ch&iacute;nh:</strong></p>

<ul>
	<li>Serum balance vitamin C dẫn xuất từ SAP v&agrave; AA2G c&oacute; t&iacute;nh ổn định cao v&agrave; &iacute;t g&acirc;y k&iacute;ch ứng</li>
	<li>Illumiscin (chiết xuất từ l&aacute; olive, Ascorbyl glucoside, Zinc PCA) gi&uacute;p l&agrave;m s&aacute;ng da, mờ c&aacute;c hắc tố melanin cũ v&agrave; mới, gi&uacute;p da căng b&oacute;ng v&agrave; mịn m&agrave;ng hơn</li>
	<li>Kết cấu serum dạng mỏng nhẹ, thấm nhanh gi&uacute;p l&agrave;n đều m&agrave;u da, kh&ocirc;ng để lại cảm gi&aacute;c bết d&iacute;nh sau khi d&ugrave;ng</li>
	<li>Sản phẩm kh&ocirc;ng chứa paraben, chất bảo quản g&acirc;y hại cho da</li>
</ul>

<p><strong>Hướng dẫn sử dụng:</strong></p>

<p>&ndash; Sau khi rửa mặt sạch v&agrave; d&ugrave;ng th&ecirc;m Toner (nước hoa hồng) để c&acirc;n bằng da từ 5-10 ph&uacute;t</p>

<p>&ndash; Lấy một lượng tinh chất serum balance vitamin C vừa đủ cho ra l&ograve;ng b&agrave;n tay v&agrave; chấm đều 5 điểm l&ecirc;n mặt (tr&aacute;n, hai b&ecirc;n m&aacute;, mũi v&agrave; cằm)</p>

<p>&ndash; Từ từ massage cho tinh chất đều khắp mặt, c&oacute; thể d&ugrave;ng tay vỗ nhẹ khoảng 3-5 ph&uacute;t để tinh chất thấm s&acirc;u hơn.</p>

<p>&ndash; Sử dụng buổi tối v&agrave; k&egrave;m theo kem chống nắng buổi s&aacute;ng</p>

<h3>Serum&nbsp;ACM&nbsp;mờ th&acirc;m trắng s&aacute;ng da 15% vitamin C</h3>

<p>Serum sử dụng c&ocirc;ng thức k&eacute;p độc quyền t&aacute;c động mạnh mẽ v&agrave;o lớp trung b&igrave; v&agrave; hạ b&igrave; của da để cải thiện t&igrave;nh trạng nếp nhăn hiệu quả. Đồng thời, sản phẩm c&ograve;n gi&uacute;p da trắng s&aacute;ng, mịn m&agrave;ng v&agrave; bảo vệ da khỏi c&aacute;c t&aacute;c nh&acirc;n g&acirc;y hại từ m&ocirc;i trường.</p>

<p style="text-align:center"><img alt="Serum ACM mờ thâm trắng sáng da 15% vitamin C" src="https://cdn.chiaki.vn/unsafe/0x240/left/top/smart/filters:quality(75)/https://chiaki.vn/upload/news/2022/10/top-15-serum-cho-da-nhay-cam-tot-nhat-hien-nay-21102022151142.jpg" style="height:400px; width:600px" title="Serum ACM mờ thâm trắng sáng da 15% vitamin C" /></p>

<p style="text-align:center"><em>Serum ACM mờ th&acirc;m trắng s&aacute;ng da 15% vitamin C</em></p>

<p><strong>Th&ocirc;ng tin sản phẩm:</strong></p>

<p>Xuất xứ: Ph&aacute;p</p>

<p>Dung t&iacute;ch: 15ml</p>

<p><strong>Th&agrave;nh phần v&agrave; c&ocirc;ng dụng ch&iacute;nh:</strong></p>

<ul>
	<li>Vitamin C 15% + Vitamin E 0,5% gi&uacute;p l&agrave;m trắng da, giảm th&acirc;m do mụn, chống oxy h&oacute;a, giảm nếp nhăn, gi&uacute;p săn chắc da.</li>
	<li>Thử nghiệm l&acirc;m s&agrave;ng tiến h&agrave;nh tr&ecirc;n 22 c&aacute; nh&acirc;n &ndash; 2014 Duolys CE đ&atilde; được thử nghiệm bởi 22 phụ nữ trong độ tuổi từ 30 đến 70, họ đ&atilde; quan s&aacute;t thấy rằng:</li>
</ul>

<ul>
	<li>Da rạng rỡ v&agrave; đều m&agrave;u hơn: 100%</li>
	<li>Da săn chắc hơn: 100%</li>
	<li>Hiệu quả chống nhăn: 96%</li>
	<li>Da mịn m&agrave;ng v&agrave; ẩm mượt: 100%</li>
	<li>Nếp nhăn v&agrave; đường nhăn: 96%</li>
</ul>

<p><strong>Hướng dẫn sử dụng:</strong></p>

<ul>
	<li>Sản phẩm được t&aacute;ch ra l&agrave;m 2 ống chứa vitamin C dạng bột kh&ocirc; v&agrave; vitamin E. N&ecirc;n khi sử dụng cần lắc đều chai l&ecirc;n để lấy sản phẩm ra</li>
	<li>Khi l&agrave;m như vậy vitamin C sẽ được bảo quản tốt hơn v&agrave; tr&aacute;nh bị oxy h&oacute;a</li>
	<li>Sử dụng 2 lần s&aacute;ng v&agrave; tối</li>
</ul>

<h3>Serum vitamin C cho da dầu mụn, mờ th&acirc;m n&aacute;m&nbsp;Jean D&rsquo;Arcel Dermal Whitening&nbsp;</h3>

<p>Tinh chất l&agrave;m mờ n&aacute;m, th&acirc;m sau mụn v&agrave; trắng s&aacute;ng da Jean D&rsquo;Arcel Dermal Whitening c&oacute; khả năng thẩm thấu s&acirc;u v&agrave;o lớp biểu b&igrave; tr&ecirc;n da v&agrave; ph&aacute; bỏ c&aacute;c gốc tự do, c&aacute;c sắc tố melanin, đẩy nhanh qu&aacute; tr&igrave;nh t&aacute;i tạo tế b&agrave;o da mới, mịn m&agrave;ng v&agrave; đồng đều m&agrave;u da.</p>

<p style="text-align:center"><img alt="Serum trị mụn, mờ đốm nâu, vết thâm Jean D’Arcel Dermal Whitening Vitamin C" src="https://cdn.chiaki.vn/unsafe/0x240/left/top/smart/filters:quality(75)/https://chiaki.vn/upload/news/2022/10/top-15-serum-cho-da-nhay-cam-tot-nhat-hien-nay-21102022151142.jpg" style="height:400px; width:600px" title="Serum trị mụn, mờ đốm nâu, vết thâm Jean D’Arcel Dermal Whitening Vitamin C" /></p>

<p style="text-align:center"><em>Serum trị mụn, mờ đốm n&acirc;u, vết th&acirc;m Jean D&rsquo;Arcel Dermal Whitening Vitamin C</em></p>

<p><strong>Th&ocirc;ng tin sản phẩm:</strong></p>

<p>Xuất xứ: Đức</p>

<p>Thể t&iacute;ch: 30ml</p>

<p><strong>Th&agrave;nh phần v&agrave; c&ocirc;ng dụng ch&iacute;nh:</strong></p>

<ul>
	<li>C&ocirc;ng thức độc quyền kết hợp với Vitamin C bền vững l&agrave;m ức chế c&aacute;c sắc tố melanin ph&aacute;t triển để ngừa th&acirc;m, n&aacute;m tr&ecirc;n da</li>
	<li>Sản phẩm c&oacute; chứa th&agrave;nh phần bảo vệ da khỏi t&aacute;c hại của m&ocirc;i trường như &aacute;nh s&aacute;ng, kh&oacute;i bụi &ocirc; nhiễm,&hellip;.Gi&uacute;p da phục hồi, căng mịn v&agrave; ngăn ngừa l&atilde;o h&oacute;a da.</li>
	<li>Sau 3 tuần thử nghiệm:</li>
	<li>97%&nbsp; người sử dụng cải thiện độ s&aacute;ng v&ugrave;ng da bị th&acirc;m, n&aacute;m</li>
	<li>94% người sử dụng n&oacute;i da mịn m&agrave;ng v&agrave; đều m&agrave;u hơn</li>
</ul>

<p><strong>Hướng dẫn sử dụng:</strong></p>

<ul>
	<li>Sử dụng 2 lần s&aacute;ng v&agrave; tối</li>
	<li>D&ugrave;ng kem chống nắng v&agrave;o buổi s&aacute;ng</li>
</ul>

<h3>Serum ngăn ngừa l&atilde;o h&oacute;a, căng b&oacute;ng da Image Iluma Vitamin C</h3>

<p>Tinh chất mờ th&acirc;m, mờ n&aacute;m &amp; s&aacute;ng da Image ILUMA serum chứa th&agrave;nh phần v&agrave; c&ocirc;ng thức độc quyền Tranexamic Acid l&agrave; giải ph&aacute;p tối ưu cho l&agrave;n da nhiều khuyết điểm như n&aacute;m, sạm da v&agrave; th&acirc;m da sau mụn.</p>

<p style="text-align:center"><img alt="Serum ngăn ngừa lão hóa, căng bóng da Image Iluma Vitamin C" src="https://cdn.chiaki.vn/unsafe/0x240/left/top/smart/filters:quality(75)/https://chiaki.vn/upload/news/2022/10/top-15-serum-cho-da-nhay-cam-tot-nhat-hien-nay-21102022151142.jpg" style="height:400px; width:600px" title="Serum ngăn ngừa lão hóa, căng bóng da Image Iluma Vitamin C" /></p>

<p style="text-align:center"><em>Serum ngăn ngừa l&atilde;o h&oacute;a, căng b&oacute;ng da Image Iluma Vitamin C</em></p>

<p><strong>Th&ocirc;ng tin sản phẩm:</strong></p>

<p>Xuất xứ: Mỹ</p>

<p>Thể t&iacute;ch: 30ml</p>

<p><strong>Th&agrave;nh phần v&agrave; c&ocirc;ng dụng ch&iacute;nh:</strong></p>

<p>Tranexamic Acid 3% l&agrave; hoạt chất l&agrave;m ức chế enzym plasmin, để kh&ocirc;ng h&igrave;nh th&agrave;nh sắc tố melanin g&acirc;y sạm, th&acirc;m, n&aacute;m tr&ecirc;n da.&nbsp;</p>

<p>Bổ sung 3-O-Ethyl Ascorbic Acid (Vitamin C c&oacute; t&iacute;nh ổn định cao) thấm s&acirc;u v&agrave;o da, gi&uacute;p da cải thiện c&aacute;c đốm n&acirc;u, vết th&acirc;m sau mụn để lại.&nbsp;</p>

<p>Glycolic Acid (AHA) c&oacute; cấu tr&uacute;c si&ecirc;u nhỏ để đi s&acirc;u v&agrave;o lỗ ch&acirc;n l&ocirc;ng lấy đi lớp tế b&agrave;o da chết, se kh&iacute;t lỗ ch&acirc;n l&ocirc;ng.&nbsp;</p>

<p>Niacinamide (Vitamin B3) gi&uacute;p c&aacute;c nốt mụn mau xẹp, mụn mau kh&ocirc; c&ograve;i, kiểm so&aacute;t t&igrave;nh trạng tiết dầu tr&ecirc;n da</p>

<p>Sau 3 tuần thử nghiệm:</p>

<p>97%&nbsp; người sử dụng cải thiện độ s&aacute;ng v&ugrave;ng da bị th&acirc;m, n&aacute;m</p>

<p>94% người sử dụng n&oacute;i da mịn m&agrave;ng v&agrave; đều m&agrave;u hơn</p>

<p><strong>Hướng dẫn sử dụng:</strong></p>

<ul>
	<li>Sử dụng 2 lần s&aacute;ng v&agrave; tối</li>
	<li>C&oacute; thể kết hợp với c&aacute;c treatment kh&aacute;c để tăng cường hiệu quả</li>
</ul>

<h3>Serum tinh chất C c&ocirc; đặc Vichy Ampoule</h3>

<p>Dưỡng chất Peptide-C c&ocirc; đặc Liftactiv Ampoule Vichy với h&agrave;m lượng Vitamin C nguy&ecirc;n chất gi&uacute;p da s&aacute;ng da mờ th&acirc;m sạm n&aacute;m mờ nếp nhăn, chống oxy h&oacute;a &amp; l&atilde;o h&oacute;a.</p>

<p style="text-align:center"><img alt="Serum tinh chất vitamin C cô đặc VICHY AMPOULE VITAMIN C" src="https://cdn.chiaki.vn/unsafe/0x240/left/top/smart/filters:quality(75)/https://chiaki.vn/upload/news/2022/10/top-15-serum-cho-da-nhay-cam-tot-nhat-hien-nay-21102022151142.jpg" style="height:400px; width:600px" title="Serum tinh chất vitamin C cô đặc VICHY AMPOULE VITAMIN C" /></p>

<p style="text-align:center"><em>Serum tinh chất vitamin C c&ocirc; đặc VICHY AMPOULE VITAMIN C</em></p>

<p><strong>Th&ocirc;ng tin sản phẩm:</strong></p>

<p>Xuất xứ: Ph&aacute;p</p>

<p>Quy c&aacute;ch: Hộp 10 ống&nbsp; x 1,8ml</p>

<p><strong>Th&agrave;nh phần v&agrave; c&ocirc;ng dụng ch&iacute;nh:</strong></p>

<p>Vitamin C 10% l&agrave;m s&aacute;ng da, l&agrave;m mờ th&acirc;m sạm n&aacute;m v&agrave; tăng khả năng phục hồi biểu b&igrave;.</p>

<p>Hyaluronic Acid giữ ẩm gi&uacute;p da tr&ocirc;ng căng mịn v&agrave; mịn m&agrave;ng.</p>

<p>Bio Peptide t&aacute;c dụng t&aacute;i tạo collagen, giảm sự l&atilde;o h&oacute;a da, giảm hiện tượng tăng sinh sắc tố.</p>

<p>Nước kho&aacute;ng Vichy củng cố v&agrave; phục hồi h&agrave;ng r&agrave;o bảo vệ da</p>

<p><strong>Hướng dẫn sử dụng:</strong></p>

<ul>
	<li>Sử dụng 2 lần s&aacute;ng v&agrave; tối</li>
	<li>D&ugrave;ng th&ecirc;m kem chống nắng SPF50 v&agrave;o buổi s&aacute;ng</li>
</ul>

<h2>Lưu &yacute; khi d&ugrave;ng vitamin C chăm s&oacute;c da tại nh&agrave;</h2>

<p>Serum vitamin C l&agrave; th&agrave;nh phần s&aacute;ng gi&aacute; nhất trong quy tr&igrave;nh dưỡng da. Tuy nhi&ecirc;n, để sử dụng được hiệu quả tốt nhất bạn cần đọc qua những lưu &yacute; sau khi sử dụng:</p>

<p style="text-align:center"><img alt="Lưu ý khi dùng vitamin C chăm sóc da tại nhà" src="https://cdn.chiaki.vn/unsafe/0x240/left/top/smart/filters:quality(75)/https://chiaki.vn/upload/news/2022/10/top-15-serum-cho-da-nhay-cam-tot-nhat-hien-nay-21102022151142.jpg" style="height:267px; width:400px" title="Lưu ý khi dùng vitamin C chăm sóc da tại nhà" /></p>

<p style="text-align:center"><em>Lưu &yacute; khi d&ugrave;ng vitamin C chăm s&oacute;c da tại nh&agrave;</em></p>

<ul>
	<li><strong>Sử dụng từ nồng độ thấp đến cao</strong>: Đặc biệt với l&agrave;n da nhạy cảm, mụn th&igrave; việc sử dụng vitamin C phải c&acirc;n nhắc từ nồng độ thấp đến cao. C&oacute; thể gi&atilde;n c&aacute;ch thời gian sử dụng 3 lần/ tuần đối với vitamin C c&oacute; nồng độ từ 15% trở l&ecirc;n, để tr&aacute;nh khả năng k&iacute;ch ứng đến da nh&eacute;.</li>
	<li><strong>Bảo quản đ&uacute;ng c&aacute;ch</strong>: Đối với vitamin C tinh khiết việc bảo quản l&agrave; v&ocirc; c&ugrave;ng quan trọng. Sau khi sử dụng bạn cần đảm bảo đ&oacute;ng chặt nắp sản phẩm, đối với c&aacute;c ống thiết kế dạng thủy tinh cần bảo quản tủ lạnh để hạn chế nhất t&igrave;nh trạng vitamin C bị oxy h&oacute;a</li>
	<li><strong>D&ugrave;ng trước bước kem chống nắng:</strong>&nbsp;Vitamin C được chứng minh l&agrave; tăng cường hiệu quả của kem chống nắng. V&igrave; vậy, ch&uacute;ng ta c&oacute; thể sử dụng vitamin C buổi s&aacute;ng k&egrave;m theo kem chống nắng c&oacute; SPF 50 trở l&ecirc;n nh&eacute;</li>
</ul>

<p>T&oacute;m lại, tuy serum vitamin c c&oacute; t&aacute;c dụng g&igrave; cho l&agrave;n da, b&agrave;i viết đ&atilde; n&ecirc;u ra tương đối đầy đủ. Nếu bạn chưa thể t&igrave;m được serum C ph&ugrave; hợp h&atilde;y đến gặp b&aacute;c sĩ để được tư vấn sản phẩm ph&ugrave; hợp cho l&agrave;n da nh&eacute;.</p>
', N'review-top-05-serum-vitamin-c-cho-da-dau-mun')
SET IDENTITY_INSERT [dbo].[BlogDetails] OFF
GO
INSERT [dbo].[BlogTypes] ([idbt], [namebt], [hide], [meta]) VALUES (1, N'Blog trị mụn', 0, N'blog-tri-mun')
INSERT [dbo].[BlogTypes] ([idbt], [namebt], [hide], [meta]) VALUES (2, N'Chăm sóc da', 0, N'cham-soc-da')
INSERT [dbo].[BlogTypes] ([idbt], [namebt], [hide], [meta]) VALUES (3, N'Blog trị sẹo', 0, N'blog-tri-seo')
INSERT [dbo].[BlogTypes] ([idbt], [namebt], [hide], [meta]) VALUES (4, N'Các phương pháp trị mụn', 0, N'phuong-phap-tri-mun')
INSERT [dbo].[BlogTypes] ([idbt], [namebt], [hide], [meta]) VALUES (5, N'Kiến thức thuốc trị mun', 0, N'kien-thuc-tri-mun')
INSERT [dbo].[BlogTypes] ([idbt], [namebt], [hide], [meta]) VALUES (6, N'Khác', 0, NULL)
GO

SET IDENTITY_INSERT [dbo].[Brands] ON 

INSERT [dbo].[Brands] ([idbrand], [namebrand], [hidebrand], [meta]) VALUES (1, N'Nội địa', 0, N'noi-dia')
INSERT [dbo].[Brands] ([idbrand], [namebrand], [hidebrand], [meta]) VALUES (2, N'Obagi', 0, N'obagi')
INSERT [dbo].[Brands] ([idbrand], [namebrand], [hidebrand], [meta]) VALUES (3, N'Balance', 0, N'balance')
INSERT [dbo].[Brands] ([idbrand], [namebrand], [hidebrand], [meta]) VALUES (4, N'Klairs', 0, N'klairs')
INSERT [dbo].[Brands] ([idbrand], [namebrand], [hidebrand], [meta]) VALUES (5, N'L''Oréa', 0, N'lorea')
INSERT [dbo].[Brands] ([idbrand], [namebrand], [hidebrand], [meta]) VALUES (1002, N'La Roche-Posay', 0, N'la-roche-possay')
INSERT [dbo].[Brands] ([idbrand], [namebrand], [hidebrand], [meta]) VALUES (1003, N'Anessa', 0, N'anessa')
INSERT [dbo].[Brands] ([idbrand], [namebrand], [hidebrand], [meta]) VALUES (1004, N'Sunplay', 0, N'sunplay')
INSERT [dbo].[Brands] ([idbrand], [namebrand], [hidebrand], [meta]) VALUES (1005, N'Neutrogena', 0, N'neutrogena')
INSERT [dbo].[Brands] ([idbrand], [namebrand], [hidebrand], [meta]) VALUES (1014, N'CeraVe', 0, N'cerave')
INSERT [dbo].[Brands] ([idbrand], [namebrand], [hidebrand], [meta]) VALUES (1013, N'Some By Mi', 0, N'some-by-mi')
SET IDENTITY_INSERT [dbo].[Brands] OFF
GO

GO
SET IDENTITY_INSERT [dbo].[Categories] ON 

INSERT [dbo].[Categories] ([typep], [namec], [hide], [meta], [date_up]) VALUES (1, N'Kem dưỡng ẩm', 0, N'kem-duong-am', CAST(N'2024-02-10T00:00:00.000' AS DateTime))
INSERT [dbo].[Categories] ([typep], [namec], [hide], [meta], [date_up]) VALUES (2, N'Kem chống nắng', 0, N'kem-chong-nang', CAST(N'2024-03-16T00:00:00.000' AS DateTime))
INSERT [dbo].[Categories] ([typep], [namec], [hide], [meta], [date_up]) VALUES (3, N'Serum', 0, N'serum', CAST(N'2024-02-14T00:00:00.000' AS DateTime))
INSERT [dbo].[Categories] ([typep], [namec], [hide], [meta], [date_up]) VALUES (4, N'Sửa rửa mặt', 0, N'sua-rua-mat', CAST(N'2024-03-14T00:00:00.000' AS DateTime))
INSERT [dbo].[Categories] ([typep], [namec], [hide], [meta], [date_up]) VALUES (13, N'Toner', 0, N'toner', CAST(N'2024-03-10T10:35:09.000' AS DateTime))
SET IDENTITY_INSERT [dbo].[Categories] OFF
GO
SET IDENTITY_INSERT [dbo].[Doctors] ON 

INSERT [dbo].[Doctors] ([stt], [namedoc], [infordoc], [ava_doc], [hide_doc], [date_up_doc], [iddoc]) VALUES (1, N'Trần Hồng Anh', N'Kinh nghiệm 30 năm trong điều trị da liễu, 7 năm trực tiếp khám và điều trị mụn cho hàng ngàn Khách hàng tại O2 SKIN', N'https://o2skin.vn/wp-content/uploads/2024/05/BS-DOAN.png', 0, CAST(N'2024-02-18T00:00:00.000' AS DateTime), NULL)
INSERT [dbo].[Doctors] ([stt], [namedoc], [infordoc], [ava_doc], [hide_doc], [date_up_doc], [iddoc]) VALUES (2, N'Nguyễn Quỳnh Thi', N'Kinh nghiệm gần 10 năm trong lĩnh vực da liễu, là một trong những Bác sĩ đầu tiên công tác tại Phòng Khám O2 SKIN, chi nhánh Cần Thơ', N'https://o2skin.vn/wp-content/uploads/2024/05/BS-THUY-VI.png', 0, CAST(N'2024-02-19T00:00:00.000' AS DateTime), N'Q1QG442SkO')
INSERT [dbo].[Doctors] ([stt], [namedoc], [infordoc], [ava_doc], [hide_doc], [date_up_doc], [iddoc]) VALUES (3, N'Nguyễn Thị Thùy Dương', N'Kinh nghiệm 30 năm trong điều trị da liễu, chuyên môn cao và tay nghề giỏi, Bác sĩ Nguyễn Thị Thanh Vân là một trong những Bác sĩ kỳ cựu tại O2 SKIN.', N'https://o2skin.vn/wp-content/uploads/2024/05/BS-HUYEN-TRANG.png', 0, CAST(N'2024-02-18T00:00:00.000' AS DateTime), NULL)
INSERT [dbo].[Doctors] ([stt], [namedoc], [infordoc], [ava_doc], [hide_doc], [date_up_doc], [iddoc]) VALUES (4, N'Lý Nguyễn Hoàng', N'Kinh nghiệm hơn 30 năm trong điều trị da liễu, Bác sĩ Lý Nguyễn Hoàng là một trong những Bác sĩ chuyên môn cao và am hiểu sâu về da liễu và điều trị mụn', N'https://o2skin.vn/wp-content/uploads/2024/05/BS-THUY-TRANG.png', 0, CAST(N'2024-02-14T00:00:00.000' AS DateTime), NULL)
INSERT [dbo].[Doctors] ([stt], [namedoc], [infordoc], [ava_doc], [hide_doc], [date_up_doc], [iddoc]) VALUES (5, N'Trần Ngọc Nhân', N'Kinh nghiệm 6 năm điều trị và giảng dạy về Bộ môn Da liễu, là Bác sĩ cố vấn chuyên môn, phục vụ giảng dạy cho Phòng khám, là đồng chủ biên cuốn sách “Hiểu mụn để hết mụn”', N'https://o2skin.vn/wp-content/uploads/2024/05/BS-THOM.png', 0, CAST(N'2022-11-15T00:00:00.000' AS DateTime), NULL)
INSERT [dbo].[Doctors] ([stt], [namedoc], [infordoc], [ava_doc], [hide_doc], [date_up_doc], [iddoc]) VALUES (6, N'Chu Văn Phú', N'Là một trong những Bác sĩ trẻ giàu kinh nghiệm, chuyên môn cao tại Phòng Khám O2 SKIN, kinh nghiệm 5 năm trong điều trị da liễu.', N'https://o2skin.vn/wp-content/uploads/2024/05/BS-CAM-THY.png', 0, CAST(N'2022-09-09T00:00:00.000' AS DateTime), NULL)
INSERT [dbo].[Doctors] ([stt], [namedoc], [infordoc], [ava_doc], [hide_doc], [date_up_doc], [iddoc]) VALUES (7, N'Lê Phượng Thúy Vi', N'Kinh nghiệm hơn 20 năm trong điều trị da liễu, là một trong những Bác sĩ đầu tiên công tác tại Phòng Khám O2 SKIN, chi nhánh Thủ đức', N'https://o2skin.vn/wp-content/uploads/2024/05/BS-XUONG.png', 0, CAST(N'2022-10-03T00:00:00.000' AS DateTime), NULL)
INSERT [dbo].[Doctors] ([stt], [namedoc], [infordoc], [ava_doc], [hide_doc], [date_up_doc], [iddoc]) VALUES (8, N'Nguyễn Quỳnh Thi', N'Kinh nghiệm gần 10 năm trong lĩnh vực da liễu, là một trong những Bác sĩ đầu tiên công tác tại Phòng Khám O2 SKIN', N'https://o2skin.vn/wp-content/uploads/2024/05/BS-HOANG.png', 0, CAST(N'2024-06-24T00:00:00.000' AS DateTime), NULL)
INSERT [dbo].[Doctors] ([stt], [namedoc], [infordoc], [ava_doc], [hide_doc], [date_up_doc], [iddoc]) VALUES (9, N'Đoàn Thị Thiện Tâm', N'Là một trong những vị bác sĩ giỏi chuyên môn, giàu kinh nghiệm trong lĩnh vực da liễu, 7 năm trực tiếp khám và điều trị mụn cho hàng ngàn Khách hàng tại O2 SKIN', N'https://o2skin-media.hn.ss.bfcplatform.vn/wp-content/uploads/2023/04/BINH-THANH-BS-HOANG-HUONG.png', 0, CAST(N'2022-07-20T00:00:00.000' AS DateTime), NULL)
INSERT [dbo].[Doctors] ([stt], [namedoc], [infordoc], [ava_doc], [hide_doc], [date_up_doc], [iddoc]) VALUES (10, N'Phùng Thị Kim Hương', N'Là một trong những vị B.s giỏi, am hiểu chuyên môn, B.s Hương đã giúp hàng ngàn bạn trẻ tại O2 SKIN điều trị mụn thành công và lấy lại làn da sạch mụn, sự tự tin, vui vẻ trong cuộc sống.', N'https://o2skin-media.hn.ss.bfcplatform.vn/wp-content/uploads/2023/04/BINH-THANH-BS-KIM-HUONG.png', 0, CAST(N'2022-07-20T00:00:00.000' AS DateTime), N'o0oeZIQ3T3')
SET IDENTITY_INSERT [dbo].[Doctors] OFF
GO

SET IDENTITY_INSERT [dbo].[Medias] ON 

INSERT [dbo].[Medias] ([idmedia], [hrefmedia], [imgmedia], [hidemedia]) VALUES (1, N'https://suckhoedoisong.vn/vi-sao-can-tri-mun-theo-phac-do-ca-nhan-hoa-169179405.htm', N'https://static.mediacdn.vn/suckhoedoisong/image/logo.svg', 0)
INSERT [dbo].[Medias] ([idmedia], [hrefmedia], [imgmedia], [hidemedia]) VALUES (2, N'https://alobacsi.com/o2-skin-cai-tien-phuong-phap-dieu-tri-mun-sau-6-thang-nghien-cuu-va-thu-nghiem-n411136.html', N'https://alobacsi.com/logo-with-tagline.png', 0)
INSERT [dbo].[Medias] ([idmedia], [hrefmedia], [imgmedia], [hidemedia]) VALUES (3, N'https://zingnews.vn/gioi-tre-tphcm-chia-se-hieu-qua-tri-mun-tai-o2-skin-post1118072.html', N'https://onecms.1cdn.vn/2023/12/04/photo.znews.vn-w1920-uploaded-znguhv-2023_12_03-_znews1.jpg', 0)
INSERT [dbo].[Medias] ([idmedia], [hrefmedia], [imgmedia], [hidemedia]) VALUES (4, N'https://thanhnien.vn/o2-skin-thuong-hieu-tri-mun-hang-dau-danh-cho-sinh-vien-185831079.htm', N'https://static.thanhnien.com.vn/thanhnien.vn/image/logo.svg', 0)
INSERT [dbo].[Medias] ([idmedia], [hrefmedia], [imgmedia], [hidemedia]) VALUES (5, N'https://tuoitre.vn/o2-skin-noi-quy-tu-doi-ngu-bac-si-giau-kinh-nghiem-trong-dieu-tri-mun-20200523143020576.htm', N'https://cdn.tuoitre.vn/thumb_w/600/471584752817336320/2023/1/31/3284233555383161749622178255929990595735271n-16751600488591970133348.png', 0)
INSERT [dbo].[Medias] ([idmedia], [hrefmedia], [imgmedia], [hidemedia]) VALUES (6, N'https://www.youtube.com/watch?v=T3FA417Cltw', N'https://vtv1.mediacdn.vn/zoom/640_400/2017/youtube-new-logo-1504151703840.png', 0)
INSERT [dbo].[Medias] ([idmedia], [hrefmedia], [imgmedia], [hidemedia]) VALUES (7, N'https://www.youtube.com/watch?v=CChqLepmTlY', N'https://vtv1.mediacdn.vn/zoom/640_400/2017/youtube-new-logo-1504151703840.png', 0)
INSERT [dbo].[Medias] ([idmedia], [hrefmedia], [imgmedia], [hidemedia]) VALUES (8, N'https://kenh14.vn/o2-skin-phong-kham-chuyen-tri-mun-duoc-long-gioi-tre-sai-thanh-20200609120713278.chn', N'https://upload.wikimedia.org/wikipedia/vi/0/00/Bi%E1%BB%83u_tr%C6%B0ng_K%C3%AAnh_14.png', 0)
SET IDENTITY_INSERT [dbo].[Medias] OFF
GO

SET IDENTITY_INSERT [dbo].[Products] ON 

INSERT [dbo].[Products] ([idp], [namep], [typep], [newprice], [oldprice], [descr], [hide], [statep], [img], [date_up], [idbrand], [metap], [avilability], [rated], [listimg]) VALUES (1, N'Kem Dưỡng Ẩm Klairs Làm Dịu & Phục Hồi Da Ban Đêm 60ml
Midnight Blue Calming Cream', 1, N'300000', N'300000', N'<p><strong>Kem Dưỡng Ẩm,&nbsp;L&agrave;m Dịu Da Ban Đ&ecirc;m Midnight Blue Calming Cream</strong>&nbsp;l&agrave;&nbsp;<a href="https://hasaki.vn/danh-muc/kem-duong-dau-duong-c9.html" target="_blank">kem dưỡng</a>&nbsp;d&agrave;nh cho da nhạy cảm đến từ thương hiệu&nbsp;<a href="https://hasaki.vn/thuong-hieu/klairs.html" target="_blank"><strong>Dear, Klairs&nbsp;</strong></a>trực thuộc By Wishtrend.&nbsp;Với th&agrave;nh phần&nbsp;Guaiazulene&nbsp;được chiết xuất từ dầu hoa c&uacute;c tạo m&agrave;u xanh dịu m&aacute;t tự nhi&ecirc;n, gi&uacute;p l&agrave;m dịu da k&iacute;ch ứng v&ocirc; c&ugrave;ng hiệu quả, kết hợp c&ugrave;ng chiết xuất&nbsp;rau m&aacute;&nbsp;cấp ẩm, l&agrave;m dịu da v&agrave; hỗ trợ phục hồi da mụn rất tốt.</p>

<p style="text-align:center"><br />
<img alt="" src="/Content/upload/img/kem-duong-am-klairs-lam-diu-phuc-hoi-da-ban-dem-1.jpg" style="height:400px; width:400px" /></p>

<p>Nếu bạn sở hữu l&agrave;n da dầu, mụn v&agrave; nhạy cảm, việc t&igrave;m kiếm một sản phẩm&nbsp;kem dưỡng&nbsp;ph&ugrave; hợp thật kh&ocirc;ng hề đơn giản. Để gi&uacute;p c&aacute;c bạn dễ d&agrave;ng hơn trong việc lựa chọn,&nbsp;<a href="https://hasaki.vn/" target="_blank">Hasaki</a>&nbsp;xin giới thiệu &ndash;&nbsp;<strong>Kem&nbsp;Dưỡng Ẩm, L&agrave;m Dịu Da Ban Đ&ecirc;m Klairs Midnight Blue Calming Cream</strong>&nbsp;đang &ldquo;l&agrave;m mưa l&agrave;m gi&oacute;&rdquo; trong thời gian gần đ&acirc;y v&agrave; chiếm được nhiều t&igrave;nh cảm của cộng đồng l&agrave;m đẹp H&agrave;n Quốc.</p>

<p><strong>Klairs Midnight Blue Calming Cream</strong>&nbsp;sở hữu thiết kế bao b&igrave; đơn giản m&agrave; sang trọng, mang một m&agrave;u đen huyền b&iacute; đặc trưng của d&ograve;ng sản phẩm Midnight Blue, gi&uacute;p l&agrave;m nổi bật l&ecirc;n m&agrave;u xanh của chất kem b&ecirc;n trong. Hộp kem được l&agrave;m bằng thủy tinh chất lượng, b&ecirc;n trong c&oacute; k&egrave;m theo nắp bảo vệ v&agrave; muỗng nhựa để lấy kem, gi&uacute;p bảo quản kem được l&acirc;u hơn, tr&aacute;nh hiện tượng oxi h&oacute;a v&agrave; tr&aacute;nh việc lấy kem trực tiếp bằng tay khiến kem bị nhiễm khuẩn.</p>

<p style="text-align:center">&nbsp;&nbsp;<img alt="" src="/Content/upload/img/kem-duong-am-lam-diu-da-ban-dem-klairs-30ml-2.jpg" style="height:400px; width:400px" /></p>

<p>Ri&ecirc;ng với dung t&iacute;ch lớn&nbsp;<strong>60ml</strong>&nbsp;được h&atilde;ng thiết kế ở dạng tu&yacute;p nhựa tiện dụng, th&iacute;ch hợp mang theo b&ecirc;n người để đi c&ocirc;ng t&aacute;c hoặc du lịch. Dạng tu&yacute;p cũng gi&uacute;p bảo quản kem b&ecirc;n trong được tốt hơn, hạn chế việc kem tiếp x&uacute;c với kh&ocirc;ng kh&iacute; nhanh bị oxy h&oacute;a.&nbsp;</p>

<p style="text-align:center"><img alt="" src="/Content/upload/img/kem-duong-am-lam-diu-da-ban-dem-klairs-02.jpg" style="height:400px; width:400px" /></p>

<p>Kết cấu kem dạng&nbsp;<strong>gel-cream</strong>&nbsp;thẩm thấu nhanh ch&oacute;ng v&agrave;o da v&agrave; kh&ocirc;ng để lại cảm gi&aacute;c d&iacute;nh dấp hay l&agrave;m da đổ dầu, mang lại cảm gi&aacute;c m&aacute;t dịu tức th&igrave;. Tuy nhi&ecirc;n, theo h&atilde;ng giới thiệu th&igrave;&nbsp;<strong>Klairs Midnight Blue Calming Cream</strong>&nbsp;kh&ocirc;ng phải l&agrave; một loại kem dưỡng ẩm th&ocirc;ng thường m&agrave; thi&ecirc;n về l&agrave;m dịu da nhanh ch&oacute;ng, v&igrave; vậy h&atilde;ng khuyến kh&iacute;ch sử dụng kem cho những v&ugrave;ng da bị mẩn đỏ v&agrave; k&iacute;ch ứng, sử dụng tốt nhất v&agrave;o ban đ&ecirc;m để hỗ trợ phục hồi v&agrave; t&aacute;i tạo bề mặt da.</p>

<p style="text-align:center"><img alt="" src="/Content/upload/img/kem-duong-am-lam-diu-da-ban-dem-klairs-30ml-4.jpg" style="height:225px; width:400px" /></p>

<p><strong>Klairs Midnight Blue Calming Cream&nbsp;</strong>l&agrave; sản phẩm kem dưỡng ẩm l&yacute; tưởng để sử dụng hằng ng&agrave;y, gi&uacute;p dưỡng ẩm dịu nhẹ cho da, đồng thời hỗ trợ phục hồi v&agrave; t&aacute;i tạo l&agrave;n da khỏe mạnh, mịn m&agrave;ng hơn. Bảo vệ l&agrave;n da nhạy cảm khỏi c&aacute;c tổn thương do t&aacute;c động từ m&ocirc;i trường b&ecirc;n ngo&agrave;i.</p>

<p>Hiện sản phẩm&nbsp;<strong>Kem Dưỡng Ẩm Klairs Midnight Blue Calming Cream&nbsp;</strong>đ&atilde; c&oacute; mặt tại&nbsp;<strong>Hasaki</strong>&nbsp;với 2 dung t&iacute;ch cho bạn lựa chọn:</p>

<ul>
	<li><strong>30ml (dạng hũ)</strong></li>
</ul>

<ul>
	<li><strong>60ml (dạng tu&yacute;p)</strong></li>
</ul>

<p style="text-align:center"><img alt="" src="/Content/upload/img/kem-duong-am-klairs-lam-diu-phuc-hoi-da-ban-dem-2.jpg" style="height:400px; width:400px" /></p>

<h3>Loại da ph&ugrave; hợp:</h3>

<ul>
	<li>
	<p>Ph&ugrave; hợp với mọi l&agrave;n da, đặc biệt l&agrave;&nbsp;<a href="https://hasaki.vn/danh-muc/nhay-cam-kich-ung-c1885.html" target="_blank">da nhạy cảm</a>.</p>
	</li>
</ul>

<h3>Giải ph&aacute;p cho t&igrave;nh trạng da:</h3>

<ul>
	<li>
	<p>Da bị&nbsp;k&iacute;ch ứng với yếu tố m&ocirc;i trường (tia UV, nguồn nước).</p>
	</li>
	<li>
	<p>Da&nbsp;tổn thương (nặn mụn, laser, d&ugrave;ng sản phẩm treatment).</p>
	</li>
	<li>
	<p><a href="https://hasaki.vn/danh-muc/thieu-am-thieu-nuoc-c1883.html" target="_blank">Da thiếu ẩm, thiếu nước</a>.</p>
	</li>
</ul>

<h3>Ưu thế nổi bật:</h3>

<ul>
	<li>
	<p><strong>Guaiazulene</strong>&nbsp;(chiết xuất từ dầu hoa c&uacute;c):&nbsp;l&agrave; th&agrave;nh phần tạo n&ecirc;n m&agrave;u xanh tự nhi&ecirc;n cho sản phẩm, c&oacute; đặc t&iacute;nh chữa l&agrave;nh tổn thương tr&ecirc;n da, gi&uacute;p l&agrave;m dịu da v&agrave; k&iacute;ch th&iacute;ch t&aacute;i tạo c&aacute;c tế b&agrave;o da. Ngo&agrave;i ra&nbsp;Guaiazulene&nbsp;c&ograve;n kh&aacute;ng khuẩn, kh&aacute;ng vi&ecirc;m, chống oxy h&oacute;a, hỗ trợ ngăn ngừa mụn v&agrave; ngăn ngừa c&aacute;c dấu hiệu l&atilde;o h&oacute;a da.</p>
	</li>
	<li>
	<p><strong>Chiết xuất rau m&aacute;</strong>&nbsp;(Centella Asiatica Extract):&nbsp;th&agrave;nh phần nổi tiếng với c&ocirc;ng dụng chữa l&agrave;nh c&aacute;c vết thương ngo&agrave;i da như bỏng, trầy xước, c&ocirc;n tr&ugrave;ng cắn&hellip;, l&agrave;m dịu da, giảm k&iacute;ch ứng, giảm mẩn đỏ, k&iacute;ch th&iacute;ch tổng hợp Collagen gi&uacute;p ngăn ngừa h&igrave;nh th&agrave;nh&nbsp;<a href="https://hasaki.vn/danh-muc/seo-mun-c2061.html" target="_blank">sẹo mụn</a>.</p>
	</li>
	<li>
	<p><strong>Hyaluronic Acid</strong>:&nbsp;dưỡng ẩm cho da mềm mượt.</p>
	</li>
	<li>
	<p><strong>Ceramide 3</strong>:&nbsp;hỗ trợ phục hồi h&agrave;ng r&agrave;o bảo vệ da khỏe mạnh hơn.</p>
	</li>
	<li>
	<p><strong>Dầu Argan</strong>:&nbsp;gi&agrave;u axit b&eacute;o&nbsp;dưỡng ẩm cho da, ngăn ngừa c&aacute;c dấu hiệu l&atilde;o h&oacute;a.</p>
	</li>
	<li>
	<p>Kết cấu kem dạng&nbsp;<strong>gel-cream</strong>&nbsp;v&ocirc; c&ugrave;ng mượt m&agrave; tho&aacute;ng nhẹ c&ugrave;ng m&ugrave;i hương thoang thoảng dễ chịu, kh&ocirc;ng g&acirc;y gắt mũi.</p>
	</li>
</ul>

<h3>Độ an to&agrave;n:</h3>

<ul>
	<li>
	<p>Kh&ocirc;ng chứa cồn, paraben, silicone.</p>
	</li>
	<li>
	<p>Kh&ocirc;ng m&agrave;u nh&acirc;n tạo, hương liệu.</p>
	</li>
	<li>
	<p>Kh&ocirc;ng g&acirc;y k&iacute;ch ứng, an to&agrave;n cho l&agrave;n da nhạy cảm.</p>
	</li>
</ul>

<h3>Bảo quản:</h3>

<ul>
	<li>
	<p>Nơi kh&ocirc; r&aacute;o, tho&aacute;ng m&aacute;t.</p>
	</li>
	<li>
	<p>Tr&aacute;nh &aacute;nh nắng trực tiếp, nơi c&oacute; nhiệt độ cao hoặc ẩm ướt.</p>
	</li>
	<li>
	<p>Đậy nắp k&iacute;n sau khi sử dụng.</p>
	</li>
</ul>

<h3><strong>Th&ocirc;ng số sản phẩm:</strong></h3>

<ul>
	<li>
	<p><strong>Thương hiệu:</strong>&nbsp;Klairs</p>
	</li>
	<li>
	<p><strong>Dung t&iacute;ch:&nbsp;</strong>30ml, 60ml</p>
	</li>
	<li>
	<p><strong>Xuất xứ thương hiệu:</strong>&nbsp;H&agrave;n Quốc</p>
	</li>
	<li>
	<p><strong>Sản xuất tại:</strong>&nbsp;H&agrave;n Quốc.</p>
	</li>
</ul>

<p style="text-align:center"><iframe allowfullscreen="" frameborder="0" height="350" src="//www.youtube.com/embed/fFa-OcZ25dg" width="350"></iframe></p>
',0 , N'No', N'https://res.cloudinary.com/dnqk5fjla/image/upload/v1683656024/DoctorSkin/9e8478ab-2352-435f-bbf7-0075eb060006.jpg', CAST(N'2024-03-13T00:00:00.000' AS DateTime), 4, N'kem-duong-am-klairs-lam-diu-phuc-hoi-da-ban-đem-60mlmidnight-blue-calming-cream', N'Còn hàng', N'4         ', N'/Content/upload/img/kem-duong-am-klairs-lam-diu-phuc-hoi-da-ban-dem-1.jpg,/Content/upload/img/kem-duong-am-lam-diu-da-ban-dem-klairs-30ml-2.jpg,/Content/upload/img/kem-duong-am-lam-diu-da-ban-dem-klairs-02.jpg')
INSERT [dbo].[Products] ([idp], [namep], [typep], [newprice], [oldprice], [descr], [hide], [statep], [img], [date_up], [idbrand], [metap], [avilability], [rated], [listimg]) VALUES (2, N'Kem Dưỡng Obagi Retinol 0.5% Ngăn Ngừa Lão Hoá Da 28g
Retinol 0.5 Cream', 3, N'240000', N'240000', N'<p><strong><strong>Obagi 360 Retinol Cream&nbsp;</strong></strong>l&agrave; sản phẩm&nbsp;<a href="https://hasaki.vn/danh-muc/kem-duong-dau-duong-c9.html" target="_blank">kem dưỡng da</a>&nbsp;trẻ ho&aacute;, ngừa mụn nổi tiếng từ thương hiệu dược mỹ phẩm&nbsp;<a href="https://hasaki.vn/thuong-hieu/obagi-medical.html" target="_blank">Obagi Medical</a>. C&ocirc;ng thức với h&agrave;m lượng Retinol 0.5% / Retinol 1% hoạt động hiệu quả tr&ecirc;n mọi l&agrave;n da, đặc biệt l&agrave; da dầu, gi&uacute;p cải thiện c&aacute;c vấn đề về da như mụn, dầu thừa, l&atilde;o ho&aacute;; mang đến cho bạn l&agrave;n da mịn m&agrave;ng v&agrave; tươi trẻ.</p>

<p><strong>Retinol</strong>&nbsp;l&agrave; một dạng dẫn xuất của vitamin A (Retinoid) nổi tiếng với&nbsp;khả năng ngừa&nbsp;<a href="https://hasaki.vn/danh-muc/lao-hoa-nep-nhan-c1881.html" target="_blank">l&atilde;o h&oacute;a</a>, l&agrave;m trẻ ho&aacute; l&agrave;n da v&agrave; giảm mụn. Đ&acirc;y được xem l&agrave; giải ph&aacute;p l&yacute; tưởng d&agrave;nh cho những l&agrave;n da&nbsp;nhăn nheo, sạm n&aacute;m, k&eacute;m sức sống do l&atilde;o h&oacute;a v&agrave; chịu tổn thương từ t&aacute;c động m&ocirc;i trường.</p>

<p>D&ograve;ng sản phẩm kem dưỡng&nbsp;<strong><strong>Obagi 360 Retinol&nbsp;</strong></strong>chứa th&agrave;nh phần Retinol tinh khiết ở nồng độ tối ưu 0.5% - 1% c&oacute;&nbsp;khả năng th&uacute;c đẩy tuần ho&agrave;n m&aacute;u, t&aacute;i tạo v&agrave; sửa chữa tế b&agrave;o bị oxy h&oacute;a, gi&uacute;p l&agrave;n da được cải thiện r&otilde; rệt. Những nếp nhăn, dấu ch&acirc;n chim sẽ dần được lấp đầy v&agrave; biến mất, mặt kh&aacute;c những đốm n&acirc;u li ti g&acirc;y tối m&agrave;u da cũng mờ đi để nhường chỗ cho l&agrave;n da tươi s&aacute;ng, đều m&agrave;u v&agrave; căng mịn.</p>

<p><strong>Kem Dưỡng Da Trẻ Ho&aacute;, Ngừa Mụn Obagi 360 Retinol&nbsp;<strong>Cream</strong></strong>&nbsp;hiện đ&atilde; c&oacute; mặt tại&nbsp;<a href="https://hasaki.vn/" target="_blank">Hasaki</a>&nbsp;với 2 phi&ecirc;n bản cho bạn lựa chọn:</p>

<ul>
	<li>
	<p><strong>Nồng độ Retinol 0.5%:&nbsp;</strong>ph&ugrave; hợp cho người mới bắt đầu sử dụng Retinol, da gặp vấn đề về l&atilde;o ho&aacute;, mụn nhẹ.</p>
	</li>
	<li>
	<p><strong>Nồng độ Retinol 1.0%:&nbsp;</strong>ph&ugrave; hợp cho da đ&atilde; dung nạp tốt với Retinol, da gặp vấn đề về l&atilde;o ho&aacute; s&acirc;u, mụn từ nhẹ đến vừa.</p>
	</li>
</ul>

<p>&nbsp;</p>

<p style="text-align:center"><img alt="Kem Dưỡng Da Trẻ Hoá, Ngừa Mụn Obagi 360 Retinol Cream" src="https://media.hasaki.vn/wysiwyg/HaNguyen1/kem-duong-obagi-retinol-28g-1.jpg" style="height:350px; width:350px" title="Kem Dưỡng Obagi 360 Retinol" /></p>

<h2><strong>Loại da ph&ugrave; hợp:</strong></h2>

<ul>
	<li>
	<p>Sản phẩm ph&ugrave; hợp cho mọi loại da, đặc biệt l&agrave; da dầu.</p>
	</li>
</ul>

<h2><strong>Giải ph&aacute;p cho t&igrave;nh trạng da:</strong></h2>

<ul>
	<li>
	<p><a href="https://hasaki.vn/danh-muc/dau-thua-lo-chan-long-to-c1879.html" target="_blank">Da dầu nhờn, lỗ ch&acirc;n l&ocirc;ng to</a>, mụn.</p>
	</li>
	<li>
	<p>Da l&atilde;o ho&aacute;, nếp nhăn, k&eacute;m săn chắc.</p>
	</li>
	<li>
	<p>Da kh&ocirc;ng đều m&agrave;u, đang gặp vấn đề về đốm sắc tố:&nbsp;<a href="https://hasaki.vn/danh-muc/tham-nam-tan-nhang-c17.html" target="_blank">th&acirc;m / n&aacute;m / t&agrave;n nhang</a>.</p>
	</li>
</ul>

<h2><strong>C&ocirc;ng dụng:</strong></h2>

<ul>
	<li>
	<p>Th&agrave;nh phần&nbsp;<strong>Retinol</strong>&nbsp;hoạt động theo cơ chế th&uacute;c đẩy qu&aacute; tr&igrave;nh sừng ho&aacute; của da, tăng tốc độ thay mới v&agrave; t&aacute;i tạo tế b&agrave;o, đồng thời k&iacute;ch th&iacute;ch sản sinh collagen, từ đ&oacute; l&agrave;m trẻ ho&aacute; da, xo&aacute; mờ nếp nhăn, r&atilde;nh nhăn,&nbsp;đẩy l&ugrave;i c&aacute;c dấu hiệu l&atilde;o h&oacute;a sớm.</p>
	</li>
	<li>
	<p>Giảm thiểu dầu thừa, l&agrave;m th&ocirc;ng tho&aacute;ng lỗ ch&acirc;n l&ocirc;ng, loại bỏ b&iacute;t tắc, từ đ&oacute; hỗ trợ giảm mụn v&agrave; ngăn ngừa&nbsp;<a href="https://hasaki.vn/danh-muc/mun-c1877.html" target="_blank">mụn</a>&nbsp;t&aacute;i ph&aacute;t hiệu quả.</p>
	</li>
	<li>
	<p>Hỗ trợ cải thiện đốm n&acirc;u, th&acirc;m n&aacute;m tr&ecirc;n da, dưỡng da đều m&agrave;u v&agrave; s&aacute;ng mịn.</p>
	</li>
	<li>
	<p>Ngo&agrave;i ra, sản phẩm c&ograve;n được bổ sung&nbsp;<strong>chiết xuất hoa C&uacute;c La M&atilde;</strong>&nbsp;gi&uacute;p kh&aacute;ng vi&ecirc;m &amp; l&agrave;m dịu da,&nbsp;<strong>Glycerin &amp; chiết xuất Bơ Hạt Mỡ</strong>&nbsp;gi&uacute;p dưỡng ẩm cho da mềm mại.</p>
	</li>
</ul>

<p style="text-align:center"><img alt="Kem Dưỡng Da Obagi 360 Retinol chứa thành phần Retinol tinh khiết có khả năng cải thiện hầu hết các vấn đề của da như lão hoá, mụn, thâm nám." src="https://media.hasaki.vn/wysiwyg/HaNguyen1/kem-duong-obagi-retinol-28g-2.jpg" style="height:350px; width:350px" title="Kem Dưỡng Da Trẻ Hoá, Ngừa Mụn Obagi 360 Retinol" /></p>

<h2><strong>Bảo quản:</strong></h2>

<ul>
	<li>
	<p>Bảo quản nơi kh&ocirc; r&aacute;o, tho&aacute;ng m&aacute;t, tr&aacute;nh &aacute;nh nắng trực tiếp.</p>
	</li>
	<li>
	<p>Tr&aacute;nh xa tầm tay trẻ em.</p>
	</li>
	<li>
	<p>Đậy nắp k&iacute;n sau khi sử dụng.</p>
	</li>
</ul>

<h2><strong>Th&ocirc;ng số sản phẩm:</strong></h2>

<ul>
	<li>
	<p><strong>Dung t&iacute;ch:</strong>&nbsp;28g</p>
	</li>
	<li>
	<p><strong>Thương hiệu:</strong>&nbsp;Obagi Medical</p>
	</li>
	<li>
	<p><strong>Xuất xứ thương hiệu:</strong>&nbsp;Mỹ</p>
	</li>
	<li>
	<p><strong>Nơi sản xuất:</strong>&nbsp;Mỹ</p>
	</li>
</ul>

<p style="text-align:center"><iframe allowfullscreen="" frameborder="0" height="320" src="//www.youtube.com/embed/WxI_86IxADg" width="320"></iframe></p>
', 0, N'Hot', N'https://product.hstatic.net/1000241635/product/obagi-medical-obagi360-retinol-0-5-362032070179-product-fron_3c8d5dbcdb184bb5851b20e492467dc9.jpg', CAST(N'2024-03-14T00:00:00.000' AS DateTime), 2, N'kem-duong-obagi-retinol-05-ngan-ngua-lao-hoa-da-28gretinol-05-cream', N'Còn hàng', N'3         ', N'https://media.hasaki.vn/wysiwyg/HaNguyen1/kem-duong-obagi-retinol-28g-1.jpg,https://media.hasaki.vn/wysiwyg/HaNguyen1/kem-duong-obagi-retinol-28g-2.jpg')
INSERT [dbo].[Products] ([idp], [namep], [typep], [newprice], [oldprice], [descr], [hide], [statep], [img], [date_up], [idbrand], [metap], [avilability], [rated], [listimg]) VALUES (3, N'Serum Balance Active Formula Vitamin C Sáng Da 30ml Vitamin C Brightening Serum Glow & Radiance', 
3, N'260000', N'280000', N'Vitamin C Brightening Serum Glow & Radiance là sản phẩm serum dưỡng sáng da, mờ thâm đến từ thương hiệu Balance Active Formula, với thành phần chính là Vitamin C nhưng tối ưu hơn nhờ sử dụng các dạng thức ổn định và hiệu quả nhất của Vitamin C. Sản phẩm chứa Vitamin C với nồng độ an toàn cho da, không gây kích ứng và dễ bảo quản".', 0, N'Sale', N'https://assets-hebela.cdn.vccloud.vn/dict/1/ransdhihdsshmiasig20220601172102serum-balance-active-formula-vitamin-c-power-tri-tham/isnniriimnrgtdriis20220602112331serum-balance-active-formula-vitamin-c-power-tri-tham.png', CAST(N'2024-03-10T00:00:00.000' AS DateTime), 3, N'serum-balance-active-formula-vitaminc', N'Còn hàng', N'4 ', N'https://bizweb.dktcdn.net/100/424/575/products/51diec8yoqs.jpg?v=1656610280123,https://anbeautyshop.vn/upload/elfinder/67e289e5823b2b5696f89743388f3326.jfif,https://imgcdn.thitruongsi.com/tts/rs:fill:600:0:1:1/g:sm/plain/file://product/2023/11/03/9e9ea500-7a30-11ee-8d1a-99eaf3543737.jpg')
INSERT [dbo].[Products] ([idp], [namep], [typep], [newprice], [oldprice], [descr], [hide], [statep], [img], [date_up], [idbrand], [metap], [avilability], [rated], [listimg]) VALUES (4, N'Kem Dưỡng Obagi Clinical Giúp Phục Hồi, Làm Dịu Da 50ml
Kinetin+ Hydrating Cream', 1, N'400000', N'420000', N'Kem Dưỡng Obagi Clinical Kinetin+ Hydrating Cream là sản phẩm kem dưỡng phục hồi, làm dịu da thuộc dòng Obagi Clinical của thương hiệu Obagi, được bào chế nhằm ngăn ngừa dấu hiệu lão hóa sớm.', 0, N'Sale', N'https://hibeauty.vn/wp-content/uploads/2020/04/Obagi-Clinical-Hydrating-Kinetin-Cream-5.jpg', CAST(N'2024-01-12T00:00:00.000' AS DateTime), 2, N'kem-duong-obagi-clinical-giup-phuc-hoi-lam-diu-da-50ml', N'Còn hàng', N'5         ', N'')
INSERT [dbo].[Products] ([idp], [namep], [typep], [newprice], [oldprice], [descr], [hide], [statep], [img], [date_up], [idbrand], [metap], [avilability], [rated], [listimg]) VALUES (1013, N'Sữa Chống Nắng Sunplay Skin Aqua Dưỡng Da Sáng Mịn 25g
Clear White SPF50+ PA++++ (Phiên Bản Eco Việt Nam)', 2, N'110000', N'150000', N'<p><strong>Sữa<strong>&nbsp;Chống Nắng Sunplay Skin Aqua Clear White SPF50+ PA++++&nbsp;</strong></strong>l&agrave; d&ograve;ng<strong>&nbsp;</strong>sản phẩm&nbsp;<a href="https://hasaki.vn/danh-muc/chong-nang-da-mat-c11.html" target="_blank">chống nắng&nbsp;cho da mặt</a>&nbsp;đến từ&nbsp;<strong><a href="https://hasaki.vn/thuong-hieu/sunplay.html" target="_blank">thương hiệu chống nắng Sunplay&nbsp;Skin Aqua</a></strong>, ứng dụng c&ocirc;ng nghệ&nbsp;CHỐNG NẮNG - GIỮ ẨM đột ph&aacute; từ Nhật Bản&nbsp;gi&uacute;p chống nắng mạnh mẽ v&agrave; bền b&igrave; tr&ecirc;n da, đồng thời hạn chế t&igrave;nh trạng mất nước v&agrave; duy tr&igrave; độ ẩm tối ưu. Đặc biệt, sản phẩm c&ograve;n c&oacute; c&ocirc;ng dụng kiểm so&aacute;t b&atilde; nhờn v&agrave; dưỡng da s&aacute;ng mịn đều m&agrave;u, l&agrave; giải ph&aacute;p l&yacute; tưởng d&agrave;nh cho c&aacute;c c&ocirc; n&agrave;ng da dầu nhờn trong m&ugrave;a h&egrave; n&oacute;ng bức.</p>

<p style="text-align:center"><img alt="Sữa Chống Nắng Sunplay Skin Aqua Clear White SPF50+ PA++++" src="https://media.hasaki.vn/wysiwyg/Chau/sua-chong-nang-sunplay-skin-aqua-duong-da-sang-min-5.jpg" style="height:350px; width:350px" title="Sữa Chống Nắng Sunplay Skin Aqua Clear White " /></p>

<p><strong>Sữa Chống Nắng Sunplay Skin Aqua Clear White SPF50+ PA++++&nbsp;<strong>Dưỡng Da S&aacute;ng Mịn</strong></strong>&nbsp;hiện đ&atilde; c&oacute; mặt tại<strong>&nbsp;<a href="https://hasaki.vn/" target="_blank">Hasaki</a>&nbsp;</strong>với 2 dung t&iacute;ch 25g; 55g v&agrave; 2 phi&ecirc;n bản (giao ngẫu nhi&ecirc;n):</p>

<ul>
	<li>
	<p><strong>Phi&ecirc;n bản thường&nbsp;</strong></p>
	</li>
	<li>
	<p><strong>Phi&ecirc;n bản Eco Việt Nam&nbsp;</strong></p>
	</li>
</ul>

<p style="text-align:center"><img alt="Sữa Chống Nắng Sunplay Skin Aqua Clear White " src="https://media.hasaki.vn/wysiwyg/Chau/sua-chong-nang-sunplay-skin-aqua-duong-da-sang-min8.jpg" style="height:350px; width:350px" title="Sữa Chống Nắng Sunplay Skin Aqua Clear White SPF50+ PA++++" /></p>

<h2><strong>Loại da ph&ugrave; hợp:</strong></h2>

<ul>
	<li>Sản phẩm ph&ugrave; hợp cho&nbsp;<a href="https://hasaki.vn/danh-muc/da-dau-c90.html" target="_blank"><strong>da dầu</strong></a>, hỗn hợp dầu, da thường.</li>
</ul>

<h2><strong>Giải ph&aacute;p cho t&igrave;nh trạng da:</strong></h2>

<ul>
	<li><a href="https://hasaki.vn/danh-muc/dau-thua-lo-chan-long-to-c1879.html" target="_blank"><strong>Da dầu thừa - lỗ ch&acirc;n l&ocirc;ng to</strong></a></li>
</ul>

<p style="text-align:center"><img alt="Mua Sữa Chống Nắng Sunplay Skin Aqua Clear White SPF50+ PA++++ tại Hasaki " src="https://media.hasaki.vn/wysiwyg/Chau/sua-chong-nang-sunplay-skin-aqua-duong-da-sang-min-6.jpg" style="height:350px; width:350px" title="Mua Sữa Chống Nắng Sunplay Skin Aqua Clear White tại Hasaki " /></p>

<p><strong>Ưu thế nổi bật:</strong></p>

<ul>
	<li>
	<p><strong>Chỉ số chống nắng SPF50+, PA++++&nbsp;</strong>gi&uacute;p chống nắng hiệu quả, bảo vệ da khỏi sạm n&aacute;m, t&agrave;n nhang, ch&aacute;y nắng v&agrave; c&aacute;c dấu hiệu l&atilde;o h&oacute;a da.</p>
	</li>
	<li>
	<p><strong>C&ocirc;ng nghệ Watery Capsule</strong>&nbsp;chứa c&aacute;c hạt chống nắng được bao bọc trong lớp m&agrave;ng nước gi&uacute;p phản xạ đa chiều tia UVA/UVB,&nbsp;cho khả năng chống nắng tối ưu v&agrave; bền bỉ tr&ecirc;n da nhiều giờ liền.</p>
	</li>
	<li>
	<p><strong>C&ocirc;ng nghệ&nbsp;Ceramide&nbsp;Boost</strong>&nbsp;gi&uacute;p tăng cường h&agrave;ng r&agrave;o bảo vệ v&agrave; hạn chế mất nước khi da tiếp x&uacute;c với &aacute;nh nắng, duy tr&igrave; độ ẩm tối ưu cho da.</p>
	</li>
	<li>
	<p><strong>Vitamin C &amp; B3</strong>&nbsp;gi&uacute;p l&agrave;m mờ c&aacute;c v&ugrave;ng da sạm m&agrave;u, dưỡng da s&aacute;ng mịn.</p>
	</li>
	<li>
	<p>Kiểm so&aacute;t dầu thừa hiệu quả với&nbsp;<strong>c&aacute;c hạt phấn si&ecirc;u mịn</strong>&nbsp;c&oacute; khả năng hấp thu b&atilde; nhờn.</p>
	</li>
	<li>
	<p>C&ocirc;ng thức 5 KH&Ocirc;NG: cồn, dầu kho&aacute;ng, paraben, hương liệu, chất tạo m&agrave;u.</p>
	</li>
</ul>

<p>&nbsp;</p>

<p style="text-align:center"><img alt="Độ an toàn Sữa Chống Nắng Sunplay Skin Aqua Clear White SPF50+ PA++++" src="https://media.hasaki.vn/wysiwyg/Chau/sua-chong-nang-sunplay-skin-aqua-duong-da-sang-min-7.jpg" style="height:350px; width:350px" title="Độ an toàn Sữa Chống Nắng Sunplay Skin Aqua Clear White " /></p>

<p>&nbsp;</p>

<p style="text-align:center"><img alt="Sunplay Skin Aqua Clear White SPF50+ PA++++" src="https://media.hasaki.vn/wysiwyg/Chau/sua-chong-nang-sunplay-skin-aqua-duong-da-sang-min-1_1.jpg" style="height:350px; width:350px" title="Sunplay Skin Aqua Clear White " /></p>

<h2>Th&ocirc;ng số sản phẩm:</h2>

<p><strong>Dung t&iacute;ch:&nbsp;</strong>25g, 55g</p>

<p><strong>Thương hiệu:</strong>&nbsp;Sunplay thuộc c&ocirc;ng ty TNHH Rohto-Mentholatum (Vietnam)</p>

<p><strong>Xuất xứ thương hiệu:</strong>&nbsp;Nhật Bản</p>

<p><strong>Nơi sản xuất:</strong>&nbsp;Việt Nam</p>

<p><strong>Hạn sử dụng:</strong>&nbsp;3 năm kể từ ng&agrave;y sản xuất</p>

<p><strong>Ng&agrave;y v&agrave; số l&ocirc; sản xuất:</strong>&nbsp;Xem chi tiết tr&ecirc;n bao b&igrave;</p>
', 0, N'Hot', N'https://img.watsonsvn.com/ecommerce/ecom/Sunplay/204555-extra4.png', CAST(N'2024-02-10T00:00:00.000' AS DateTime), 1004, N'sua-chong-nang-sunplay-skin-aqua-duong-da-sang-min-25gclear-white-spf50-pa-phien-ban-eco-viet-nam', N'Còn hàng', N'5         ', N'https://media.hasaki.vn/wysiwyg/Chau/sua-chong-nang-sunplay-skin-aqua-duong-da-sang-min-5.jpg,https://media.hasaki.vn/wysiwyg/Chau/sua-chong-nang-sunplay-skin-aqua-duong-da-sang-min8.jpg,https://media.hasaki.vn/wysiwyg/Chau/sua-chong-nang-sunplay-skin-aqua-duong-da-sang-min-6.jpg')
INSERT [dbo].[Products] ([idp], [namep], [typep], [newprice], [oldprice], [descr], [hide], [statep], [img], [date_up], [idbrand], [metap], [avilability], [rated], [listimg]) VALUES (1014, N'Kem Dưỡng Ẩm Neutrogena Cấp Nước Cho Da Dầu 50g
Hydro Boost Hyaluronic Acid Water Gel', 1, N'256000', N'280000', N'<p><strong>Kem Dưỡng Ẩm Neutrogena Hydro Boost Water Gel 50g</strong>&nbsp;l&agrave;&nbsp;<a href="https://hasaki.vn/danh-muc/kem-duong-da-c9.html" target="_blank">kem dưỡng</a>&nbsp;ẩm đến từ&nbsp;<a href="https://hasaki.vn/thuong-hieu/neutrogena.html" target="_blank">thương hiệu mỹ phẩm Neutrogena</a>&nbsp;của Mỹ, bảo vệ độ ẩm cho da mạnh hơn 80% c&ugrave;ng với c&ocirc;ng thức 1% c&aacute;c yếu tố giữ ẩm tự nhi&ecirc;n chứa Hyaluronic Acid, Axit Amin v&agrave; chất điện giải. Kết cấu nhẹ th&iacute;ch hợp sử dụng h&agrave;ng ng&agrave;y.</p>

<p>Với c&ocirc;ng thức chăm s&oacute;c da cải tiến v&agrave; đ&atilde; qua kiểm nghiệm da liễu,&nbsp;<strong>Kem Dưỡng Ẩm Neutrogena Hydro Boost Water Gel 50g&nbsp;</strong>gi&uacute;p&nbsp;k&iacute;ch hoạt&nbsp;khả năng tiềm ẩn của l&agrave;n da - tự sản sinh ra h&agrave;m lượng Hyaluronic Acid tự nhi&ecirc;n của h&agrave;ng triệu tế b&agrave;o da, từ đ&oacute; mang lại độ ẩm dồi d&agrave;o v&agrave; d&agrave;i l&acirc;u hơn, duy tr&igrave; l&agrave;n da thật ẩm mịn v&agrave; căng mướt. Sản phẩm ph&ugrave; hợp cho cả nam lẫn nữ v&agrave; đặc biệt l&yacute; tưởng cho l&agrave;n da từ thường đến dầu, da đang gặp t&igrave;nh trạng thiếu nước.</p>

<p>&nbsp;</p>

<p style="text-align:center"><img alt="" src="https://media.hasaki.vn/wysiwyg/Chau/kem-duong-am-neutrogena-cung-cap-nuoc-cho-da-50g-4_2.jpg" style="height:500px; width:500px" /></p>

<p>&nbsp;</p>

<p style="text-align:center"><img alt="" src="https://media.hasaki.vn/wysiwyg/Chau/kem-duong-am-neutrogena-cung-cap-nuoc-cho-da-50g-5_2.jpg" style="height:500px; width:500px" /></p>

<h2>Loại da ph&ugrave; hợp:</h2>

<ul>
	<li>
	<p>Sản phẩm ph&ugrave; hợp cho da từ thường đến dầu.</p>
	</li>
</ul>

<h2>Giải ph&aacute;p cho t&igrave;nh trạng da:</h2>

<ul>
	<li>
	<p>Da kh&ocirc; thiếu ẩm hoặc da dầu thiếu nước.</p>
	</li>
	<li>
	<p>Da&nbsp;<a href="https://hasaki.vn/danh-muc/dau-thua-lo-chan-long-to-c1879.html" target="_blank">dầu thừa - lỗ ch&acirc;n l&ocirc;ng to</a>, kh&ocirc;ng th&iacute;ch cảm gi&aacute;c nhờn d&iacute;nh khi sử dụng kem dưỡng ẩm.</p>
	</li>
</ul>

<h2>Ưu thế nổi bật:</h2>

<ul>
	<li>
	<p>Bổ sung&nbsp;<strong>th&ecirc;m 20%</strong>&nbsp;<strong>Hyaluronic Acid&nbsp;</strong>so với phi&ecirc;n bản cũ gi&uacute;p cung cấp nước v&agrave; kh&oacute;a ẩm từ b&ecirc;n trong da, gi&uacute;p da lu&ocirc;n đầy đủ độ ẩm v&agrave; đầy sức sống, da ngậm nước, mềm mại, mịn m&agrave;ng trong suốt 72 giờ.</p>
	</li>
	<li>
	<p><strong>Axit amin</strong>&nbsp;gi&uacute;p hỗ trợ v&agrave; củng cố h&agrave;ng r&agrave;o bảo vệ da.</p>
	</li>
	<li>
	<p><strong>Chất điện giải</strong>&nbsp;để tăng cường hấp thụ th&agrave;nh phần dưỡng da.&nbsp;</p>
	</li>
	<li>
	<p><strong>Glycerin&nbsp;</strong>dưỡng ẩm v&agrave; l&agrave;m mềm da, chống oxy h&oacute;a v&agrave; ngăn ngừa qu&aacute; tr&igrave;nh l&atilde;o h&oacute;a da gi&uacute;p da khỏe mạnh v&agrave; đ&agrave;n hồi tốt.</p>
	</li>
	<li>
	<p><strong>Chiết xuất Olive</strong>&nbsp;duy tr&igrave; da ẩm mượt, gi&uacute;p da chống oxy h&oacute;a hiệu quả, cải thiện v&agrave; bảo vệ da khỏi c&aacute;c tổn thương từ t&aacute;c động của m&ocirc;i trường.</p>
	</li>
	<li>
	<p>Chất kem dạng gel si&ecirc;u mỏng nhẹ v&agrave; tươi m&aacute;t v&agrave; mịn dễ thẩm thấu, kh&ocirc;ng g&acirc;y bết d&iacute;nh, kh&ocirc;ng g&acirc;y b&iacute;t tắc lỗ ch&acirc;n l&ocirc;ng.</p>
	</li>
	<li>
	<p>Gel th&iacute;ch hợp d&ugrave;ng cả ng&agrave;y v&agrave; đ&ecirc;m, c&oacute; thể d&ugrave;ng trước makeup.</p>
	</li>
</ul>

<p>&nbsp;</p>

<p style="text-align:center"><img alt="" src="https://media.hasaki.vn/wysiwyg/Chau/kem-duong-am-neutrogena-cung-cap-nuoc-cho-da-50g-6_2.jpg" style="height:500px; width:500px" /></p>

<h2>Độ an to&agrave;n:</h2>

<ul>
	<li>
	<p>Đ&atilde; qua thử nghiệm tr&ecirc;n l&agrave;n da ch&acirc;u &Aacute;</p>
	</li>
	<li>
	<p>Đ&atilde; qua thử nghiệm bởi b&aacute;c sĩ da liễu</p>
	</li>
	<li>
	<p>C&ocirc;ng thức kh&ocirc;ng chứa dầu, th&agrave;nh phần &iacute;t g&acirc;y dị ứng, kh&ocirc;ng l&agrave;m b&iacute;t tắc lỗ ch&acirc;n l&ocirc;ng</p>
	</li>
</ul>

<h2>Bảo quản:</h2>

<ul>
	<li>
	<p>Nơi kh&ocirc; r&aacute;o tho&aacute;ng m&aacute;t.&nbsp;</p>
	</li>
	<li>
	<p>Tr&aacute;nh &aacute;nh nắng trực tiếp, nơi c&oacute; nhiệt độ cao hoặc ẩm ướt.&nbsp;</p>
	</li>
	<li>
	<p>Đậy nắp k&iacute;n sau khi sử dụng.&nbsp;</p>
	</li>
</ul>

<h2><strong>Th&ocirc;ng số sản phẩm:</strong></h2>

<ul>
	<li>
	<p><strong>Dung t&iacute;ch:</strong>&nbsp;50g&nbsp;</p>
	</li>
	<li>
	<p><strong>Thương hiệu:</strong>&nbsp;Neutrogena&nbsp;</p>
	</li>
	<li>
	<p><strong>Xuất xứ thương hiệu:</strong>&nbsp;Mỹ&nbsp;</p>
	</li>
	<li>
	<p><strong>Sản xuất tại:</strong>&nbsp;H&agrave;n Quốc.</p>
	</li>
</ul>

<p>Th&agrave;nh phần sản phẩm</p>

<p><strong>Th&agrave;nh phần ch&iacute;nh:&nbsp;</strong></p>

<ul>
	<li>
	<p><strong>Hyaluronic Acid:&nbsp;</strong>cung cấp nước v&agrave; kh&oacute;a ẩm từ b&ecirc;n trong da, gi&uacute;p da lu&ocirc;n đầy đủ độ ẩm v&agrave; đầy sức sống, da ngậm nước, mềm mại, mịn m&agrave;ng trong suốt 72 giờ.</p>
	</li>
	<li>
	<p><strong>Axit amin:</strong>&nbsp;gi&uacute;p hỗ trợ v&agrave; củng cố h&agrave;ng r&agrave;o bảo vệ da.</p>
	</li>
	<li>
	<p><strong>Chất điện giải:</strong>&nbsp;để tăng cường hấp thụ th&agrave;nh phần dưỡng da.&nbsp;</p>
	</li>
	<li>
	<p><strong>Glycerin:&nbsp;</strong>dưỡng ẩm v&agrave; l&agrave;m mềm da, chống oxy h&oacute;a v&agrave; ngăn ngừa qu&aacute; tr&igrave;nh l&atilde;o h&oacute;a da gi&uacute;p da khỏe mạnh v&agrave; đ&agrave;n hồi tốt.</p>
	</li>
	<li>
	<p><strong>Chiết xuất Olive:</strong>&nbsp;duy tr&igrave; da ẩm mượt, gi&uacute;p da chống oxy h&oacute;a hiệu quả, cải thiện v&agrave; bảo vệ da khỏi c&aacute;c tổn thương từ t&aacute;c động của m&ocirc;i trường.</p>
	</li>
</ul>

<p><strong>Th&agrave;nh phần đầy đủ:</strong></p>

<p>Water, Glycerin, Dimethicone, Cetearyl Olivate, Sorbitan Olivate, Polyacrylate Crosspolymer-6, Betaine, Caprylyl Glycol, Synthetic Beeswax, Ethylhexylglycerin, Pentylene Glycol, Sodium PCA, Fructose, Dimethicone Crosspolymer, Sodium Hyaluronate, Dimethiconol, Sodium Lactate, Urea, Citric Acid, PCA, Fragrance, Sodium Hydroxide, Maltose, Serine, Alanine, Glycine, Sodium Chloride, Trehalose, Allantoin, Glutamic Acid, Lysine HCL, Threonine, Arginine, Glucose, Proline, Cl42090.</p>

<p>Hướng dẫn sử dụng</p>

<ul>
	<li>
	<p>Sử dụng sau bước tinh chất dưỡng da.</p>
	</li>
	<li>
	<p>Lấy một lượng kem nhỏ thoa trực tiếp l&ecirc;n da mặt, m&aacute;t xa nhẹ nh&agrave;ng để sản phẩm thẩm thấu v&agrave;o da.</p>
	</li>
</ul>
', 0, N'No', N'https://product.hstatic.net/1000006063/product/dd_gel_b2879746c8d84a22856364fe9f6cbf1a_1024x1024_d012fe69b2ef4492b80518b6023b210f_1024x1024.jpg', CAST(N'2024-02-10T00:00:00.000' AS DateTime), 1005, N'kem-duong-am-neutrogena-cap-nuoc-cho-da-dau-50ghydro-boost-hyaluronic-acid-water-gel', N'Còn hàng', N'4         ', N'https://product.hstatic.net/1000006063/product/dd_gel_b2879746c8d84a22856364fe9f6cbf1a_1024x1024_d012fe69b2ef4492b80518b6023b210f_1024x1024.jpg')
INSERT [dbo].[Products] ([idp], [namep], [typep], [newprice], [oldprice], [descr], [hide], [statep], [img], [date_up], [idbrand], [metap], [avilability], [rated], [listimg]) VALUES (1015, N'Gel Rửa Mặt La Roche-Posay Dành Cho Da Dầu, Nhạy Cảm 400ml
Effaclar Purifying Foaming Gel For Oily Sensitive Skin', 4, N'200000', N'215000', N'<p><strong>Gel Rửa Mặt La Roche-Posay&nbsp;Effaclar Purifying Foaming Gel For Oily Sensitive Skin</strong>&nbsp;l&agrave; d&ograve;ng sản phẩm&nbsp;<a href="https://hasaki.vn/danh-muc/sua-rua-mat-c19.html" target="_blank">sữa rửa mặt</a>&nbsp;chuy&ecirc;n biệt d&agrave;nh cho l&agrave;n da dầu, mụn, nhạy cảm&nbsp;đến từ&nbsp;<a href="https://hasaki.vn/thuong-hieu/la-roche-posay.html" target="_blank">thương hiệu dược mỹ phẩm La Roche-Posay</a>&nbsp;nổi tiếng của Ph&aacute;p, với kết cấu dạng gel tạo bọt nhẹ nh&agrave;ng&nbsp;gi&uacute;p loại bỏ bụi bẩn, tạp chất v&agrave; b&atilde; nhờn dư thừa tr&ecirc;n da hiệu quả, mang đến l&agrave;n da sạch mịn, tho&aacute;ng nhẹ v&agrave; tươi m&aacute;t. C&ocirc;ng thức sản phẩm an to&agrave;n, l&agrave;nh t&iacute;nh, giảm thiểu t&igrave;nh trạng k&iacute;ch ứng đối với l&agrave;n da nhạy cảm.</p>

<p style="text-align:center"><img alt="Gel Rửa Mặt La Roche-Posay Effaclar Purifying Foaming Gel For Oily Sensitive Skin" src="https://media.hasaki.vn/wysiwyg/HaNguyen/gel-rua-mat-la-roche-posay-danh-cho-da-dau-nhay-cam-01.jpg" style="height:400px; width:400px" title="La Roche-Posay Effaclar Purifying Foaming Gel For Oily Sensitive Skin" /></p>

<p><strong>Gel Rửa Mặt La Roche-Posay&nbsp;Effaclar Purifying Foaming Gel For Oily Sensitive Skin&nbsp;D&agrave;nh Cho Da Dầu, Nhạy Cảm&nbsp;</strong>hiện đ&atilde; c&oacute; mặt tại<strong>&nbsp;Hasaki</strong>&nbsp;với 3 dung t&iacute;ch đa dạng ph&ugrave; hợp với từng nhu cầu ri&ecirc;ng biệt:</p>

<ul>
	<li>
	<p><strong>50ml (mini size)</strong></p>
	</li>
	<li>
	<p><strong>200ml (full size - tu&yacute;p)</strong></p>
	</li>
	<li>
	<p><strong>400ml (full size - v&ograve;i bơm)</strong></p>
	</li>
	<li>
	<p><strong>Combo 2x50ml</strong></p>
	</li>
	<li>
	<p><strong>Combo 3x50ml</strong></p>
	</li>
	<li>
	<p><strong>Combo 4x50m</strong><strong>l</strong></p>
	</li>
</ul>

<p>&nbsp;</p>

<p style="text-align:center"><strong><img alt="Gel Rửa Mặt La Roche-Posay Effaclar Purifying Foaming Gel For Oily Sensitive Skin có 3 dung tích đa dạng phù hợp với từng nhu cầu riêng biệt." src="https://media.hasaki.vn/wysiwyg/HaNguyen/gel-rua-mat-la-roche-posay-danh-cho-da-dau-nhay-cam-05.jpg" style="height:500px; width:550px" title="Gel Rửa Mặt La Roche-Posay Effaclar Purifying Foaming Gel For Oily Sensitive Skin có 3 dung tích" /></strong></p>

<h2>Loại da ph&ugrave; hợp:</h2>

<ul>
	<li>Sản phẩm ph&ugrave; hợp cho&nbsp;<a href="https://hasaki.vn/danh-muc/da-dau-c90.html" target="_blank">da dầu</a>, da mụn, da nhạy cảm.</li>
</ul>

<p>&nbsp;</p>

<p style="text-align:center"><img alt="Gel Rửa Mặt La Roche-Posay Effaclar Purifying Foaming Gel For Oily Sensitive Skin không gây kích ứng đối với làn da nhạy cảm" src="https://media.hasaki.vn/wysiwyg/HaNguyen/gel-rua-mat-tao-bot-la-roche-posay-danh-cho-da-dau-nhay-cam-4.jpg" style="height:400px; width:400px" title="Gel Rửa Mặt La Roche-Posay Effaclar Purifying Foaming Gel For Oily Sensitive Skin dành cho da dầu, mụn, nhạy cảm" /></p>

<h2>Giải ph&aacute;p cho t&igrave;nh trạng da:</h2>

<ul>
	<li>
	<p>Dầu thừa - lỗ ch&acirc;n l&ocirc;ng to</p>
	</li>
	<li>
	<p><a href="https://hasaki.vn/danh-muc/da-mun-c44.html" target="_blank">Da mụn</a>&nbsp;c&aacute;m, đầu đen, đầu trắng v&agrave; sưng vi&ecirc;m từ trung b&igrave;nh đến nặng vừa</p>
	</li>
	<li>
	<p>Da nhạy cảm, dễ k&iacute;ch ứng</p>
	</li>
</ul>

<h2>Ưu thế nổi bật:</h2>

<p><strong>&nbsp;La Roche-Posay&nbsp;Effaclar Purifying Foaming Gel For Oily Sensitive Skin&nbsp;</strong>c&oacute; c&ocirc;ng thức được lựa chọn kĩ c&agrave;ng với c&aacute;c th&agrave;nh phần hoạt t&iacute;nh dịu nhẹ, ph&ugrave; hợp cho l&agrave;n da dầu, mụn &amp; nhạy cảm:</p>

<ul>
	<li>
	<p><strong>Nước kho&aacute;ng thi&ecirc;n nhi&ecirc;n La Roche-Posay</strong>&nbsp;c&oacute; t&aacute;c dụng l&agrave;m dịu da v&agrave; giảm k&iacute;ch ứng.</p>
	</li>
	<li>
	<p><strong>ZinC PCA</strong>&nbsp;gi&uacute;p điều tiết lượng dầu tiết ra tr&ecirc;n da, từ đ&oacute; kiểm so&aacute;t b&oacute;ng dầu v&agrave; b&atilde; nhờn dư thừa hiệu quả, giảm h&igrave;nh th&agrave;nh mụn đầu đen.</p>
	</li>
	<li>
	<p><strong>Độ pH 5.5</strong>&nbsp;giống với độ pH tự nhi&ecirc;n tr&ecirc;n da, gi&uacute;p củng cố h&agrave;ng r&agrave;o bảo vệ da, kh&ocirc;ng g&acirc;y cảm gi&aacute;c kh&ocirc; căng, kh&oacute; chịu.</p>
	</li>
	<li>
	<p>Kết cấu sản phẩm dạng gel tạo bọt, nhẹ nh&agrave;ng loại bỏ những tạp chất, bụi bẩn v&agrave; &ocirc; nhiễm tr&ecirc;n da,&nbsp;mang đến cảm gi&aacute;c tươi m&aacute;t đầy sảng kho&aacute;i sau khi rửa mặt.</p>
	</li>
	<li>
	<p>Hương thơm hoa c&uacute;c dịu nhẹ sẽ gi&uacute;p bạn thư gi&atilde;n trong suốt qu&aacute; tr&igrave;nh sử dụng.</p>
	</li>
</ul>

<p>&nbsp;</p>

<p style="text-align:center"><img alt="La Roche-Posay Effaclar Purifying Foaming Gel For Oily Sensitive Skin có công thức được lựa chọn kĩ càng với các thành phần hoạt tính dịu nhẹ, phù hợp cho làn da dầu, mụn &amp; nhạy cảm." src="https://media.hasaki.vn/wysiwyg/HaNguyen/gel-rua-mat-la-roche-posay-danh-cho-da-dau-nhay-cam-02.jpg" style="height:400px; width:450px" title="La Roche-Posay Effaclar Purifying Foaming Gel For Oily Sensitive Skin bao gồm các thành phần hoạt tính được chọn lọc kĩ càng." /></p>

<p>&nbsp;</p>

<p style="text-align:center"><img alt="La Roche-Posay Effaclar Purifying Foaming Gel For Oily Sensitive Skin hiện đã có mặt tại Hasaki" src="https://media.hasaki.vn/wysiwyg/HaNguyen/gel-rua-mat-la-roche-posay-danh-cho-da-dau-nhay-cam-03.jpg" style="height:400px; width:450px" title="Mua La Roche-Posay Effaclar Purifying Foaming Gel For Oily Sensitive Skin tại Hasaki" /></p>

<p>&nbsp;</p>

<p style="text-align:center"><img alt="Quy trình làm sạch cho da sáng khỏe với La Roche-Posay Effaclar Purifying Foaming Gel For Oily Sensitive Skin." src="https://media.hasaki.vn/wysiwyg/HaNguyen/gel-rua-mat-la-roche-posay-danh-cho-da-dau-nhay-cam-04.jpg" style="height:450px; width:350px" title="Quy trình sử dụng La Roche-Posay Effaclar Purifying Foaming Gel For Oily Sensitive Skin" /></p>

<h2><strong>Độ an to&agrave;n:</strong></h2>

<ul>
	<li>
	<p>Kh&ocirc;ng chứa Paraben, chất tạo m&agrave;u, x&agrave; ph&ograve;ng, cồn, an to&agrave;n cho l&agrave;n da nhạy cảm.</p>
	</li>
	<li>
	<p>C&ocirc;ng thức kh&ocirc;ng chứa dầu (oil-free) n&ecirc;n rất th&iacute;ch hợp cho da dầu.</p>
	</li>
</ul>

<h2>Bảo quản:</h2>

<ul>
	<li>
	<p>Bảo quản nơi kh&ocirc; r&aacute;o, tho&aacute;ng m&aacute;t, tr&aacute;nh &aacute;nh nắng trực tiếp hoặc nơi c&oacute; nhiệt độ cao / ẩm ướt.</p>
	</li>
	<li>
	<p>Tr&aacute;nh xa tầm tay trẻ em.</p>
	</li>
	<li>
	<p>Đậy nắp k&iacute;n sau khi sử dụng.</p>
	</li>
</ul>

<p style="text-align:center"><img alt="" src="https://media.hasaki.vn/wysiwyg/HaNguyen/gel-rua-mat-la-roche-posay-danh-cho-da-dau-nhay-cam-06.jpg" style="height:400px; width:400px" /></p>

<h2><strong>Th&ocirc;ng số sản phẩm:</strong></h2>

<p><strong>Thương hiệu:&nbsp;</strong>La Roche-Posay</p>

<p><strong>Xuất xứ thương hiệu:&nbsp;</strong>Ph&aacute;p</p>

<p><strong>Sản xuất tại:&nbsp;</strong>Ph&aacute;p</p>

<p><strong>Dung t&iacute;ch:&nbsp;</strong>50ml / 200ml / 400ml/ 2x50ml/ 3x50ml/ 4x50ml</p>

<p>Th&agrave;nh phần sản phẩm</p>

<p><strong>Th&agrave;nh phần ch&iacute;nh:&nbsp;</strong></p>

<ul>
	<li>
	<p><strong>Nước kho&aacute;ng thi&ecirc;n nhi&ecirc;n La Roche-Posay:</strong>&nbsp;c&oacute; t&aacute;c dụng l&agrave;m dịu da v&agrave; giảm k&iacute;ch ứng.</p>
	</li>
	<li>
	<p><strong>ZinC PCA:</strong>&nbsp;gi&uacute;p điều tiết lượng dầu tiết ra tr&ecirc;n da, từ đ&oacute; kiểm so&aacute;t b&oacute;ng dầu v&agrave; b&atilde; nhờn dư thừa hiệu quả, giảm h&igrave;nh th&agrave;nh mụn đầu đen.</p>
	</li>
	<li>
	<p>Kh&ocirc;ng chứa Paraben, chất tạo m&agrave;u, x&agrave; ph&ograve;ng, cồn, an to&agrave;n cho l&agrave;n da nhạy cảm.</p>
	</li>
	<li>
	<p>C&ocirc;ng thức kh&ocirc;ng chứa dầu (oil-free) n&ecirc;n rất th&iacute;ch hợp cho da dầu.</p>
	</li>
</ul>

<p><strong>Th&agrave;nh phần chi tiết:&nbsp;</strong></p>

<p>Aqua / Water, Sodium Laureth Sulfate, Peg-8, Coco-Betaine, Hexylene Glycol, Sodium Chloride, Peg-120 Methyl Glucose Dioleate, Zinc Pca, Sodium Hydroxide, Citric Acid, Sodium Benzoate, Phenoxyethanol, Caprylyl Glycol, Parfum / Fragrance</p>

<p>Hướng dẫn sử dụng</p>

<ul>
	<li>
	<p>Làm &acirc;̉m da với nước &acirc;́m, cho một lượng vừa đủ sản ph&acirc;̉m ra tay, tạo bọt, thoa sản ph&acirc;̉m lên mặt, tránh vùng da quanh mắt.</p>
	</li>
	<li>
	<p>Massage nhẹ nhàng, sau đó rửa sạch lại với nước và thấm kh&ocirc; da.</p>
	</li>
	<li>
	<p>Sử dụng hằng ngày vào bu&ocirc;̉i sáng và t&ocirc;́i.</p>
	</li>
</ul>

<p><strong>Lưu &yacute;:&nbsp;</strong></p>

<ul>
	<li>
	<p>Tr&aacute;nh tiếp x&uacute;c với mắt.</p>
	</li>
	<li>
	<p>Trong qu&aacute; tr&igrave;nh sử dụng nếu thấy da c&oacute; c&aacute;c biểu hiện kh&aacute;c thường như: xuất hiện c&aacute;c vết đỏ, ngứa, hay bị k&iacute;ch ứng th&igrave; phải ngưng sử dụng ngay v&agrave; hỏi &yacute; kiến tư vấn từ chuy&ecirc;n gia da liễu.</p>
	</li>
</ul>
', 0, N'No', N'https://adminbeauty.hvnet.vn/Upload/Files/Effaclar-Purifying-Foaming-Gel-400ml.jpg', CAST(N'2024-02-09T00:00:00.000' AS DateTime), 1002, N'gel-rua-mat-la-roche-posay-danh-cho-da-dau-nhay-cam-400mleffaclar-purifying-foaming-gel-for-oily-sensitive-skin', N'Còn hàng', N'5         ', N'https://media.hasaki.vn/wysiwyg/HaNguyen/gel-rua-mat-la-roche-posay-danh-cho-da-dau-nhay-cam-01.jpg,https://media.hasaki.vn/wysiwyg/HaNguyen/gel-rua-mat-la-roche-posay-danh-cho-da-dau-nhay-cam-05.jpg,https://media.hasaki.vn/wysiwyg/HaNguyen/gel-rua-mat-tao-bot-la-roche-posay-danh-cho-da-dau-nhay-cam-4.jpg')
INSERT [dbo].[Products] ([idp], [namep], [typep], [newprice], [oldprice], [descr], [hide], [statep], [img], [date_up], [idbrand], [metap], [avilability], [rated], [listimg]) VALUES (1027, N'Nước Hoa Hồng Some By Mi AHA-BHA-PHA Cho Da Mụn 150ml Miracle Toner AHA-BHA-PHA 30 Days', 13, N'263000', N'263000', N'<p><strong>Nước Hoa Hồng SOME BY MI Cho Da Mụn Miracle Toner AHA- BHA-PHA 30 Days&nbsp;150ml&nbsp;</strong>đến từ&nbsp;<a href="https://hasaki.vn/thuong-hieu/some-by-mi.html" target="_blank"><strong>thương hiệu mỹ phẩm chăm s&oacute;c da SOME BY MI&nbsp;</strong></a>l&agrave; d&ograve;ng&nbsp;<strong><a href="https://hasaki.vn/danh-muc/toner-c1857.html" target="_blank">Toner</a>&nbsp;</strong>c&oacute; chứa phức hợp c&aacute;c loại axit c&ugrave;ng chiết xuất Tr&agrave;m Tr&agrave;, gi&uacute;p l&agrave;m sạch s&acirc;u da, hỗ trợ kh&aacute;ng khuẩn, kh&aacute;ng vi&ecirc;m, ngăn ngừa v&agrave; l&agrave;m giảm mụn, đồng thời g&oacute;p phần thu nhỏ lỗ ch&acirc;n l&ocirc;ng, mang lại cho bạn l&agrave;n da sạch tho&aacute;ng v&agrave; mịn m&agrave;ng kh&ocirc;ng t&igrave; vết.</p>

<p style="text-align:center"><img alt="Nước Hoa Hồng Cho Da Mụn Miracle Toner SOME BY MI AHA- BHA-PHA 30 Days" src="https://media.hasaki.vn/wysiwyg/HaNguyen/nuoc-hoa-hong-some-by-mi-cho-da-mun-150ml-1.jpg" style="height:350px; width:350px" title="Nước Hoa Hồng SOME BY MI Cho Da Mụn" /></p>

<p style="text-align:center"><img alt="Nước Hoa Hồng SOME BY MI Cho Da Mụn Miracle Toner AHA- BHA-PHA 30 Days 150ml hiện đã có mặt tại Hasaki" src="https://media.hasaki.vn/wysiwyg/HaNguyen/nuoc-hoa-hong-some-by-mi-cho-da-mun-150ml-2.jpg" style="height:350px; width:350px" title="Mua Nước Hoa Hồng SOME BY MI Cho Da Mụn tại Hasaki" /></p>

<h2><strong>Loại da ph&ugrave; hợp:</strong></h2>

<ul>
	<li>Sản phẩm d&agrave;nh cho mọi loại da, đặc biệt l&agrave; da dầu / hỗn hợp dầu.</li>
</ul>

<h2><strong>Giải ph&aacute;p cho t&igrave;nh trạng da:</strong></h2>

<ul>
	<li>
	<p><a href="https://hasaki.vn/danh-muc/mun-c1877.html" target="_blank"><strong>Da mụn</strong></a></p>
	</li>
	<li>
	<p><a href="https://hasaki.vn/danh-muc/dau-thua-lo-chan-long-to-c1879.html" target="_blank"><strong>Da dầu thừa - lỗ ch&acirc;n l&ocirc;ng to</strong></a></p>
	</li>
</ul>

<h2><strong>Ưu thế nổi bật:</strong></h2>

<ul>
	<li>
	<p>Chứa&nbsp;<strong>phức hợp AHA - BHA - PHA</strong>&nbsp;gi&uacute;p loại bỏ tế b&agrave;o chết c&ugrave;ng bụi bẩn, b&atilde; nhờn tồn đọng tr&ecirc;n bề mặt da v&agrave; s&acirc;u trong lỗ ch&acirc;n l&ocirc;ng, mang lại l&agrave;n da sạch tho&aacute;ng v&agrave; tươi s&aacute;ng rạng rỡ.</p>
	</li>
	<li>
	<p><strong>Chiết xuất Tr&agrave;m Tr&agrave; (Real Teatree 10,000 PPM)</strong>&nbsp;gi&uacute;p kh&aacute;ng khuẩn, kh&aacute;ng vi&ecirc;m, l&agrave;m dịu da v&agrave;&nbsp;giảm sưng mụn, hỗ trợ điều tiết b&atilde; nhờn.</p>
	</li>
	<li>
	<p><strong>2% Niacinamide</strong>&nbsp;gi&uacute;p kh&aacute;ng vi&ecirc;m, hỗ trợ se lỗ ch&acirc;n l&ocirc;ng, dưỡng s&aacute;ng da, mờ th&acirc;m mụn.</p>
	</li>
	<li>
	<p>Cấp ẩm dịu nhẹ, gi&uacute;p da mềm mại, kh&ocirc;ng kh&ocirc; căng.</p>
	</li>
	<li>
	<p>Củng cố h&agrave;ng r&agrave;o bảo vệ da, ngăn ngừa việc da bị mất ẩm do m&ocirc;i trường t&aacute;c động, nu&ocirc;i dưỡng l&agrave;n da khỏe mạnh dần l&ecirc;n.</p>
	</li>
	<li>
	<p>Ngăn ngừa qu&aacute; tr&igrave;nh oxy h&oacute;a, k&iacute;ch th&iacute;ch t&aacute;i tạo collagen mới cho da, nu&ocirc;i dưỡng da trở n&ecirc;n săn chắc, căng b&oacute;ng.</p>
	</li>
</ul>

<p style="text-align:center"><img alt="" src="https://media.hasaki.vn/wysiwyg/nuoc-hoa-hong-some-by-mi-cho-da-mun-150ml_28_.jpg" style="height:408px; width:350px" /></p>

<p style="text-align:center"><img alt="" src="https://media.hasaki.vn/wysiwyg/nuoc-hoa-hong-some-by-mi-cho-da-mun-150ml_25_.jpg" style="height:394px; width:350px" /></p>

<h2><strong>Độ an to&agrave;n:</strong></h2>

<ul>
	<li>
	<p>C&ocirc;ng thức kh&ocirc;ng chứa 20 th&agrave;nh phần c&oacute; khả năng g&acirc;y hại cho l&agrave;n da.</p>
	</li>
	<li>
	<p>Độ pH thấp, dịu nhẹ cho da nhạy cảm.</p>
	</li>
</ul>

<h2><strong>Bảo quản:</strong></h2>

<ul>
	<li>
	<p>Nơi kh&ocirc; r&aacute;o, tho&aacute;ng m&aacute;t, tr&aacute;nh &aacute;nh nắng mặt trời.</p>
	</li>
	<li>
	<p>Đậy nắp k&iacute;n sau khi sử dụng.</p>
	</li>
</ul>

<h2>Th&ocirc;ng số sản phẩm:</h2>

<p><strong>Dung t&iacute;ch:</strong>&nbsp;150ml</p>

<p><strong>Thương hiệu:&nbsp;</strong>SOME BY MI</p>

<p><strong>Xuất xứ thương hiệu:</strong>&nbsp;H&agrave;n Quốc</p>

<p><strong>Sản xuất tại:</strong>&nbsp;H&agrave;n Quốc</p>

<p><strong>*Lưu &yacute;: T&aacute;c dụng c&oacute; thể kh&aacute;c nhau tuỳ cơ địa của người d&ugrave;ng</strong></p>
', 0, N'New', N'https://res.cloudinary.com/dnqk5fjla/image/upload/v1683690515/DoctorSkin/bb2ab555-44f9-43a2-b45d-9c723fbc1aeb.jpg', CAST(N'2024-05-10T10:48:31.000' AS DateTime), 1013, N'nuoc-hoa-hong-some-by-mi-aha-bha-pha-cho-da-mun-150ml-miracle-toner-aha-bha-pha-30-days', N'Còn hàng', N'0', N'https://media.hasaki.vn/wysiwyg/HaNguyen/nuoc-hoa-hong-some-by-mi-cho-da-mun-150ml-1.jpg,https://media.hasaki.vn/wysiwyg/HaNguyen/nuoc-hoa-hong-some-by-mi-cho-da-mun-150ml-2.jpg,https://media.hasaki.vn/wysiwyg/nuoc-hoa-hong-some-by-mi-cho-da-mun-150ml_28_.jpg')
INSERT [dbo].[Products] ([idp], [namep], [typep], [newprice], [oldprice], [descr], [hide], [statep], [img], [date_up], [idbrand], [metap], [avilability], [rated], [listimg]) VALUES (1028, N'Serum Some By Mi AHA-BHA-PHA Cho Da Mụn 50ml AHA-BHA-PHA 30 Days Miracle Serum', 1, N'289000', N'332000', N'<p><strong>Serum Some By Mi AHA-BHA-PHA Cho Da Mụn 50ml</strong>&nbsp;l&agrave; sản phẩm&nbsp;<a href="https://hasaki.vn/danh-muc/serum-tinh-chat-c75.html" target="_blank">tinh chất</a>&nbsp;đến từ&nbsp;<a href="https://hasaki.vn/thuong-hieu/some-by-mi.html" target="_blank">thương hiệu mỹ phẩm Some By Mi</a>&nbsp;của H&agrave;n Quốc, với th&agrave;nh phần chiết xuất từ tr&agrave;m tr&agrave; c&ugrave;ng với 3 th&agrave;nh phần tẩy da chết h&oacute;a học &quot;đ&igrave;nh đ&aacute;m&quot; l&agrave; AHA - BHA - PHA sẽ hỗ trợ giảm v&agrave; ngăn ngừa mụn to&agrave;n diện từ mụn đầu đen, đầu trắng, mụn ẩn cho đến mụn sưng vi&ecirc;m, bạn sẽ cảm nhận sự thay đổi của l&agrave;n da sau thời gian ngắn sử dụng sản phẩm. Ngo&agrave;i ra,&nbsp;<strong>Tinh Chất Some By Mi Cho Da Mụn</strong><strong>&nbsp;</strong>c&ograve;n bổ sung th&ecirc;m th&agrave;nh phần rau m&aacute;&nbsp;gi&uacute;p t&aacute;i tạo v&agrave; phục hồi v&ugrave;ng da bị tổn thương do mụn, giảm sẹo th&acirc;m v&agrave; hỗ trợ xoa dịu những nốt mụn đang bị sưng tấy. Sản phẩm&nbsp;kh&ocirc;ng chứa Paraben, chất tạo m&agrave;u, dầu kho&aacute;ng v&agrave; những h&oacute;a chất g&acirc;y hại cho sức khỏe v&agrave; l&agrave;n da bạn.</p>

<p>Hiện sản phẩm&nbsp;<strong>Serum Some By Mi&nbsp;<strong>AHA-BHA-PHA 30 Days Miracle Serum</strong>&nbsp;50ml&nbsp;</strong>đ&atilde; c&oacute; mặt tại<strong>&nbsp;<a href="https://hasaki.vn/" target="_blank">Hasaki</a>.</strong></p>

<p style="text-align:center"><img alt="Serum Some By Mi AHA-BHA-PHA Cho Da Mụn 50ml " src="https://media.hasaki.vn/wysiwyg/Chau/tinh-chat-some-by-mi-cho-da-mun-50ml-1.jpg" style="height:350px; width:350px" title="Serum Some By Mi AHA-BHA-PHA Cho Da Mụn" /></p>

<h2><strong>Loại da ph&ugrave; hợp:</strong></h2>

<ul>
	<li>
	<p>Sản phẩm d&agrave;nh cho mọi loại da kể cả da nhạy cảm.</p>
	</li>
</ul>

<h2>Giải ph&aacute;p cho t&igrave;nh trạng da:&nbsp;</h2>

<ul>
	<li>
	<p>Da thường tiết b&atilde; nhờn,&nbsp;<a href="https://hasaki.vn/danh-muc/dau-thua-lo-chan-long-to-c1879.html" target="_blank">dầu thừa, lỗ ch&acirc;n l&ocirc;ng to</a>.&nbsp;</p>
	</li>
	<li>
	<p>Da thường gặp vấn đề về&nbsp;<a href="https://hasaki.vn/danh-muc/mun-c1877.html" target="_blank">mụn</a>.</p>
	</li>
</ul>

<p style="text-align:center"><img alt="Serum Some By Mi AHA-BHA-PHA Cho Da Mụn " src="https://media.hasaki.vn/wysiwyg/Chau/tinh-chat-some-by-mi-cho-da-mun-50ml-2.jpg" style="height:350px; width:350px" title="Serum Some By Mi AHA-BHA-PHA Cho Da Mụn 50ml " /></p>

<h2><strong>Ưu thế nổi bật:</strong></h2>

<ul>
	<li>
	<p><strong>Bộ 3 Acid AHA-BHA-PHA</strong>&nbsp;kết hợp để l&agrave;m sạch tế b&agrave;o chết tr&ecirc;n da tốt hơn, gi&uacute;p da trở n&ecirc;n mềm mịn v&agrave; sạch s&acirc;u.</p>

	<ul>
		<li>
		<p><strong>AHA, BHA</strong>&nbsp;t&aacute;c động s&acirc;u gi&uacute;p loại bỏ bụi bẩn, tế b&agrave;o chết v&agrave; l&agrave;m th&ocirc;ng tho&aacute;ng lỗ ch&acirc;n l&ocirc;ng.</p>
		</li>
		<li>
		<p><strong>PHA</strong>&nbsp;khả năng tẩy dịu nhẹ nhất, giảm thiểu k&iacute;ch ứng da.</p>
		</li>
	</ul>
	</li>
	<li>
	<p><strong>14.5% chiết xuất rau m&aacute;</strong>&nbsp;dưỡng dịu da mụn, giảm sưng đỏ ở những v&ugrave;ng tổn thương; hỗ trợ dưỡng ẩm v&agrave; kiểm so&aacute;t b&atilde; nhờn.</p>
	</li>
	<li>
	<p><strong>10000ppm tr&agrave;m tr&agrave;</strong>&nbsp;kh&aacute;ng khuẩn, ti&ecirc;u vi&ecirc;m v&agrave; l&agrave;m dịu da, nhất l&agrave; với l&agrave;n da đang bị tổn thương, c&oacute; mụn&hellip;</p>
	</li>
	<li>
	<p>Phức hợp 38 th&agrave;nh phần gi&agrave;u dưỡng hỗ trợ giảm nhỏ lỗ ch&acirc;n l&ocirc;ng, ngăn ngừa th&acirc;m mụn, dưỡng s&aacute;ng da.</p>
	</li>
</ul>

<p>&nbsp;</p>

<p style="text-align:center"><img alt="Độ hiệu quả của Serum Some By Mi AHA-BHA-PHA Cho Da Mụn 50ml " src="https://media.hasaki.vn/wysiwyg/UYEN/serum-some-by-mi-cho-da-mun-50ml_10_.jpg" style="height:350px; width:286px" title="Độ hiệu quả của Serum Some By Mi AHA-BHA-PHA Cho Da Mụn " /></p>

<h2><strong>Độ an to&agrave;n:&nbsp;</strong></h2>

<ul>
	<li>
	<p>Sản phẩm đ&atilde; ho&agrave;n th&agrave;nh kiểm tra k&iacute;ch ứng da. Kh&ocirc;ng chứa 20 loại th&agrave;nh phần độc hại.</p>
	</li>
</ul>

<h2><strong>Bảo quản:</strong>&nbsp;</h2>

<ul>
	<li>
	<p>Nơi kh&ocirc; r&aacute;o, tho&aacute;ng m&aacute;t.</p>
	</li>
	<li>
	<p>Tr&aacute;nh &aacute;nh nắng trực tiếp, nơi c&oacute; nhiệt độ cao hoặc ẩm ướt.&nbsp;</p>
	</li>
	<li>
	<p>Đậy nắp k&iacute;n sau khi sử dụng.</p>
	</li>
</ul>

<h2>Th&ocirc;ng số sản phẩm:</h2>

<ul>
	<li>
	<p><strong>Dung t&iacute;ch:</strong>&nbsp;50ml</p>
	</li>
	<li>
	<p><strong>Thương hiệu:&nbsp;</strong>Some By Mi&nbsp;</p>
	</li>
	<li>
	<p><strong>Xuất xứ thương hiệu:</strong>&nbsp;H&agrave;n Quốc</p>
	</li>
	<li>
	<p><strong>Sản xuất tại:</strong>&nbsp;H&agrave;n Quốc.&nbsp;</p>
	</li>
</ul>

<p>Th&agrave;nh phần sản phẩm</p>

<p><strong>Th&agrave;nh phần ch&iacute;nh:&nbsp;</strong></p>

<ul>
	<li>
	<p><strong>Bộ 3 Acid AHA-BHA-PHA:</strong>&nbsp;kết hợp để l&agrave;m sạch tế b&agrave;o chết tr&ecirc;n da tốt hơn, gi&uacute;p da trở n&ecirc;n mềm mịn v&agrave; sạch s&acirc;u.</p>

	<ul>
		<li>
		<p><strong>AHA, BHA:</strong>&nbsp;t&aacute;c động s&acirc;u gi&uacute;p loại bỏ bụi bẩn, tế b&agrave;o chết v&agrave; l&agrave;m th&ocirc;ng tho&aacute;ng lỗ ch&acirc;n l&ocirc;ng.</p>
		</li>
		<li>
		<p><strong>PHA:</strong>&nbsp;khả năng tẩy dịu nhẹ nhất, giảm thiểu k&iacute;ch ứng da.</p>
		</li>
	</ul>
	</li>
	<li>
	<p><strong>14.5% chiết xuất rau m&aacute;:</strong>&nbsp;dưỡng dịu da mụn, giảm sưng đỏ ở những v&ugrave;ng tổn thương; hỗ trợ dưỡng ẩm v&agrave; kiểm so&aacute;t b&atilde; nhờn.</p>
	</li>
	<li>
	<p><strong>10000ppm tr&agrave;m tr&agrave;:</strong>&nbsp;kh&aacute;ng khuẩn, ti&ecirc;u vi&ecirc;m v&agrave; l&agrave;m dịu da, nhất l&agrave; với l&agrave;n da đang bị tổn thương, c&oacute; mụn&hellip;</p>
	</li>
	<li>
	<p><strong>Phức hợp 38 th&agrave;nh phần:</strong>&nbsp;gi&agrave;u dưỡng hỗ trợ giảm nhỏ lỗ ch&acirc;n l&ocirc;ng, ngăn ngừa th&acirc;m mụn, dưỡng s&aacute;ng da.</p>
	</li>
</ul>

<p><strong>Th&agrave;nh phần đầy đủ:&nbsp;</strong></p>

<p>Caprylic/Capric Triglyceride, Cetyl Ethylhexanoate, Centella Asiatica Extract (14.51%), Purified Water, Olea Europaea Fruit Oil, Glycerin, Propanediol, Butylene Glycol, Alcohol, 1,2-Hexanediol, Melaleuca Alternifolia Leaf Water (10,000Ppm), Niacinamide, Camellia Sinensis Leaf Extract, Scutellaria Baicalensis Root Extract, Polygonum Cuspidatum Root Extract, Glycyrrhiza Glabra Root Extract, Chamomilla Recutita Flower Extract, Rosmarinus Officinalis Leaf Extract, Citric Acid (7500Ppb), Sodium Lactate (17500Ppb), Sodium Pca (7500Ppb), Glycolic Acid (3000Ppb), Lactic Acid (3000Ppb), Malic Acid (3000Ppb), Pyruvic Acid (500Ppb), Tartaric Acid (100Pppm), Gaultheria Procumbens Leaf Extract (100 Ppm), Lactobionic Acid (100 Ppm), Vaccinium Macrocarpon Fruit Extract, Lavandula Angustifolia Extract, Ocimum Basilicum Leaf Extract, Syringa Vulgaris Extract, Houttuynia Cordata Extract, Angelica Keiskei Extract, Althaea Officinalis Root Extract, Rosmarinus Officinalis Extract, Madecassoside, Camellia Oleifera Seed Oil, Oryza Sativa Bran Oil, Camellia Sinensis Seed Oil, Rosa Canina Fruit Oil, Prunus Amygdalus Dulcis Oil, Limnanthes Alba Seed Oil, Sodium Chloride, Curcuma Longa Root Extract, Citrus Paradisi Peel Oil, Citrus Aurantium Dulcis Peel Oil, Melia Azadirachta Leaf Extract, Melia Azadirachta Flower Extract, Melia Azadirachta Bark Extract, Pearl Powder, Xanthan Gum, Pentylene Glycol, Moringa Oleifera Seed Oil, Ocimum Sanctum Leaf Extract, Ocimum Basilicum Flower/ Leaf Extract, Pelargonium Graveolens Flower Oil, Frankincense Oil, Amyris Balsamifera Bark Oil, Disodium Edta, Caprylyl Glycol, Ethylhexylglycerin</p>

<p><strong>Hướng dẫn sử dụng</strong></p>

<ul>
	<li>L&agrave;m sạch da mặt, lấy 3 giọt sản phẩm v&agrave; chấm đều l&ecirc;n mặt.</li>
</ul>

<ul>
	<li>Sau đ&oacute; thoa v&agrave; vỗ nhẹ để tinh chất thẩm thấu s&acirc;u v&agrave;o da.</li>
</ul>
', 0, N'No', N'https://res.cloudinary.com/dnqk5fjla/image/upload/v1683692681/DoctorSkin/85f29bda-6348-480a-a7b6-c09937bdc860.jpg', CAST(N'2024-05-10T11:24:38.000' AS DateTime), 1013, N'serum-some-by-mi-aha-bha-pha-cho-da-mun-50ml-aha-bha-pha-30-days-miracle-serum', N'Còn hàng', N'0', N'https://media.hasaki.vn/wysiwyg/Chau/tinh-chat-some-by-mi-cho-da-mun-50ml-1.jpg,https://media.hasaki.vn/wysiwyg/Chau/tinh-chat-some-by-mi-cho-da-mun-50ml-2.jpg,https://media.hasaki.vn/wysiwyg/UYEN/serum-some-by-mi-cho-da-mun-50ml_10_.jpg')
INSERT [dbo].[Products] ([idp], [namep], [typep], [newprice], [oldprice], [descr], [hide], [statep], [img], [date_up], [idbrand], [metap], [avilability], [rated], [listimg]) VALUES (1029, N'Sữa Chống Nắng Sunplay Bảo Vệ Vượt Trội SPF81 PA++++ 30g Super Block', 2, N'82000', N'105000', N'<p>Với kh&iacute; hậu oi bức ở Việt Nam, đặc biệt l&agrave; trong những ng&agrave;y h&egrave; tiết trời nắng n&oacute;ng, &aacute;nh nắng ch&oacute;i chang, bỏng r&aacute;t như thế n&agrave;y th&igrave; việc sử dụng kem chống nắng khi ra ngo&agrave;i l&agrave; điều v&ocirc; c&ugrave;ng cần thiết. Thoa&nbsp;<strong><a href="https://hasaki.vn/danh-muc/chong-nang-da-mat-c11.html" target="_blank">kem chống nắng</a></strong>&nbsp;l&agrave; một trong những bước quan trọng trong quy tr&igrave;nh chăm s&oacute;c, l&agrave;m đẹp v&agrave; bảo vệ l&agrave;n da gi&uacute;p da chống lại những t&aacute;c động xấu của &aacute;nh nắng mặt trời, kh&ocirc;ng những thế &aacute;nh nắng mặt trời c&ograve;n l&agrave; nguy&ecirc;n nh&acirc;n g&acirc;y n&ecirc;n c&aacute;c bệnh ung thư da cực kỳ nguy hiểm.&nbsp;<strong>Hasaki.v</strong>n xin giới thiệu&nbsp;<strong>Sữa chống nắng cực mạnh Sunplay Super Block</strong>&nbsp;với SPF81 v&agrave; PA++++ đến từ thương hiệu quen thuộc&nbsp;<a href="https://hasaki.vn/thuong-hieu/sunplay.html" target="_blank"><strong>Sunplay</strong></a>.</p>

<p style="text-align:center"><img alt="" src="https://media.hasaki.vn/wysiwyg/Dai/sua-chong-nang-duong-da-sunplay-spf81-pa-70gk.jpg" style="height:350px; width:350px" /></p>

<p>Sản phẩm ch&iacute;nh l&agrave; sự lựa chọn ph&ugrave; hợp d&agrave;nh cho những bạn đi biển bởi t&iacute;nh kh&aacute;ng nước v&agrave; mồ h&ocirc;i cao,&nbsp;<strong>Sunplay Super Block</strong>&nbsp;bảo đảm hai t&aacute;c động vừa bảo vệ da vừa nu&ocirc;i dưỡng da khi phải vận động li&ecirc;n tục ngo&agrave;i trời hoặc dưới nước nhờ th&agrave;nh phần bổ sung Vitamin C, Vitamin E, Pro Vitamin B5, Hyaluronic Acid, giữ ẩm v&agrave; nu&ocirc;i dưỡng l&agrave;n da một c&aacute;ch hiệu quả. Dung dịch nhanh ch&oacute;ng thấm v&agrave;o da, kh&ocirc;ng g&acirc;y nhờn r&iacute;t, cho bạn cảm gi&aacute;c m&aacute;t lạnh tr&ecirc;n da, v&agrave; th&iacute;ch hợp cho cả da mặt hay to&agrave;n th&acirc;n.</p>

<p>Kem chống nắng&nbsp;<strong>Sunplay Super Block</strong>&nbsp;với khả năng chống nắng cực mạnh của&nbsp;<strong>SPF81</strong>&nbsp;sẽ bảo vệ da bạn kh&ocirc;ng bị bỏng r&aacute;t, ch&aacute;y nắng trong nhiều giờ liền kết hợp với&nbsp;<strong>PA++++</strong>&nbsp;v&agrave; c&ocirc;ng thức&nbsp;<strong>UVA Max Defense</strong>&nbsp;tạo m&agrave;ng chắn tia UVA tối đa &ndash; chống mọi loại tia UVA, gi&uacute;p ngăn ngừa t&igrave;nh trạng đen sạm, n&aacute;m, l&atilde;o h&oacute;a da sớm v&agrave; tr&aacute;nh nguy cơ ung thư da.</p>

<p style="text-align:center"><img alt="" src="https://media.hasaki.vn/wysiwyg/HaNguyen/sua-chong-nang-duong-da-sunplay-spf81-pa-01.jpg" style="height:350px; width:350px" /></p>

<p style="text-align:center"><img alt="" src="https://media.hasaki.vn/wysiwyg/HaNguyen/sua-chong-nang-duong-da-sunplay-spf81-pa-03.jpg" style="height:350px; width:350px" /></p>

<p>Hiện sản phẩm đ&atilde; c&oacute; mặt tại&nbsp;<a href="https://hasaki.vn/" target="_blank">Hasaki</a>&nbsp;với 2 dung t&iacute;ch:</p>

<p><strong>30g</strong></p>

<p><strong>70g</strong></p>

<p style="text-align:center"><strong><img alt="" src="https://media.hasaki.vn/wysiwyg/HaNguyen/sua-chong-nang-duong-da-sunplay-spf81-pa-02.jpg" style="height:350px; width:350px" /></strong></p>

<p><strong>Sunplay</strong>&nbsp;l&agrave; thương hiệu thuộc tập đo&agrave;n<strong>&nbsp;Rohto-Mentholatum</strong>&nbsp;được th&agrave;nh lập từ năm 1899 tại Osaka, Nhật Bản. Qua hơn 100 năm c&oacute; mặt tr&ecirc;n thị trường, đến nay thương hiệu&nbsp;<strong>Rohto-Mentholatum</strong>&nbsp;đ&atilde; ph&aacute;t triển v&agrave; mở rộng việc kinh doanh tr&ecirc;n cả 5 ch&acirc;u lục với 11 chi nh&aacute;nh tr&ecirc;n khắp thế giới, sở hữu một loạt thương hiệu con chuy&ecirc;n về lĩnh vực dược mỹ phẩm chăm s&oacute;c sức khỏe. Trong đ&oacute; c&oacute; chi nh&aacute;nh&nbsp;<strong>Rohto Việt Nam</strong>&nbsp;được th&agrave;nh lập năm 1997 chịu tr&aacute;ch nhiệm sản xuất cho to&agrave;n bộ khu vực Ch&acirc;u &Aacute; Th&aacute;i B&igrave;nh Dương. D&ograve;ng kem chống nắng nh&atilde;n hiệu&nbsp;<strong>Sunplay</strong>&nbsp;rất được người ti&ecirc;u d&ugrave;ng ưa chuộng bởi chất lượng sản phẩm tốt, gi&aacute; th&agrave;nh phải chăng, chỉ số SPF cao v&agrave; an to&agrave;n cho da.</p>

<p><strong>C&ocirc;ng dụng:</strong></p>

<p>- Chống mọi loại tia UVA, gi&uacute;p ngăn đen sạm, n&aacute;m, l&atilde;o h&oacute;a da sớm, tr&aacute;nh nguy cơ ung thư da, bảo vệ da kh&ocirc;ng bị bỏng r&aacute;t, ch&aacute;y nắng trong nhiều giờ liền.</p>

<p>- Th&agrave;nh phần bổ sung Vitamin C, Vitamin E, Pro Vitamin B5, Hyaluronic Acid gi&uacute;p giữ ẩm v&agrave; nu&ocirc;i dưỡng l&agrave;n da.</p>

<p>- Thấm nhanh, kh&ocirc;ng nhờn r&iacute;t, cho cảm gi&aacute;c m&aacute;t lạnh tr&ecirc;n da.</p>

<p>- Khả năng chịu nước v&agrave; mồ h&ocirc;i cao.</p>

<p>&nbsp;</p>

<p style="text-align:center"><img alt="Sữa Chống Nắng SPF81 PA++++ Sunplay Super Block 70g" src="https://media.hasaki.vn/wysiwyg/tho/ZyCn336nnLts.jpg" style="height:195px; width:350px" /></p>

<p><strong>Bảo quản:</strong></p>

<p>Nơi kh&ocirc; r&aacute;o, tho&aacute;ng m&aacute;t.</p>

<p>Tr&aacute;nh &aacute;nh nắng trực tiếp.</p>

<p>Để xa tầm tay trẻ em</p>

<p><strong>Quy c&aacute;ch:&nbsp;</strong>30g,<strong>&nbsp;</strong>70g</p>

<p><strong>Thương hiệu:</strong>&nbsp;Sunplay</p>

<p><strong>Xuất xứ thương hiệu:</strong>&nbsp;Nhật Bản</p>

<p><strong>Nơi Sản Xuất:</strong>&nbsp;Việt Nam</p>

<p><strong>Th&agrave;nh phần sản phẩm</strong></p>

<p>Cyclopentasiloxane, Water, Ethylhexyl Methoxycinnamate, Zinc Oxide, Triethylhexanoin, Butylene Glycol, Titanium Dioxide, Trimethylsiloxysilicate, Talc, Diethylamino Hydroxybenzoyl Hexyl Benzoate, Hydrated Silica, Lauryl PEG-9 Polydimethylsiloxyethyl Dimethicone, Polymethylsilsesquioxane, Panthenol, Tocopheryl Acetate, Dipotassium Glycyrrhizate, Magnesium Ascorbyl Phosphate, Sodium Hyaluronate, Hydrogen Dimethicone, 1,2-Hexanediol, Polyglyceryl-2 Triisostearate, Aluminum Hydroxide, Stearic Acid, Dimethicone Crosspolymer, Dimethicone, Triethoxysilylethyl Polydimethylsiloxyethyl Hexyl Dimethicone, Disodium EDTA, Methylparaben.</p>

<p style="text-align:center"><iframe allowfullscreen="" frameborder="0" height="350" src="//www.youtube.com/embed/ofrX9VSMDwg" width="350"></iframe></p>
', 0, N'Sale', N'https://res.cloudinary.com/dnqk5fjla/image/upload/v1683693208/DoctorSkin/700fa091-4973-41f1-9415-66df10729c77.jpg', CAST(N'2024-05-10T11:33:25.000' AS DateTime), 1004, N'sua-chong-nang-sunplay-bao-ve-vuot-troi-spf81-pa-30g-super-block', N'Còn hàng', N'0', N'https://media.hasaki.vn/wysiwyg/Dai/sua-chong-nang-duong-da-sunplay-spf81-pa-70gk.jpg,https://media.hasaki.vn/wysiwyg/HaNguyen/sua-chong-nang-duong-da-sunplay-spf81-pa-01.jpg,https://media.hasaki.vn/wysiwyg/HaNguyen/sua-chong-nang-duong-da-sunplay-spf81-pa-03.jpg')
INSERT [dbo].[Products] ([idp], [namep], [typep], [newprice], [oldprice], [descr], [hide], [statep], [img], [date_up], [idbrand], [metap], [avilability], [rated], [listimg]) VALUES (1030, N'Sữa Rửa Mặt CeraVe Sạch Sâu Cho Da Thường Đến Da Dầu 473ml Foaming Cleanser', 4, N'335000', N'380000', N'<p><strong><strong>Sữa Rửa Mặt Cerave Sạch S&acirc;u&nbsp;</strong></strong>l&agrave; sản phẩm&nbsp;<a href="https://hasaki.vn/danh-muc/sua-rua-mat-c19.html" target="_blank">sữa rửa mặt</a>&nbsp;đến từ&nbsp;<a href="https://hasaki.vn/thuong-hieu/cerave.html" target="_blank">thương hiệu mỹ phẩm Cerave</a>&nbsp;của Mỹ,&nbsp;với sự kết hợp của ba Ceramides thiết yếu, Hyaluronic Acid sản phẩm gi&uacute;p l&agrave;m sạch v&agrave; giữ ẩm cho l&agrave;n da m&agrave; kh&ocirc;ng ảnh hưởng đến h&agrave;ng r&agrave;o bảo vệ da mặt v&agrave; cơ thể.</p>

<p>Hiện sản phẩm&nbsp;<strong>Sữa Rửa Mặt Cerave Sạch S&acirc;u&nbsp;</strong>đ&atilde; c&oacute; mặt tại&nbsp;<strong>Hasaki</strong>&nbsp;với 2 loại v&agrave; 3 dung t&iacute;ch (88ml; 236ml; 473ml):</p>

<ul>
	<li>
	<p><strong>Sữa Rửa Mặt Cerave Sạch S&acirc;u Cho Da Thường Đến Da Dầu</strong><strong>&nbsp;</strong></p>
	</li>
	<li>
	<p><strong>Sữa Rửa Mặt Cerave Sạch S&acirc;u Cho Da Thường Đến Da Kh&ocirc;</strong></p>
	</li>
</ul>

<h2><strong>1.&nbsp;<strong>Sữa Rửa Mặt Cerave Sạch S&acirc;u Cho Da Thường Đến Da Dầu</strong><strong>&nbsp;</strong></strong></h2>

<p><strong>Sữa Rửa Mặt Cerave&nbsp;Foaming Cleanser&nbsp;</strong>kết cấu dạng gel tạo bọt rất l&yacute; tưởng để loại bỏ dầu thừa, bụi bẩn v&agrave; lớp trang điểm với c&ocirc;ng thức nhẹ nh&agrave;ng, kh&ocirc;ng ph&aacute; vỡ h&agrave;ng r&agrave;o bảo vệ tự nhi&ecirc;n của da v&agrave; chứa c&aacute;c th&agrave;nh phần gi&uacute;p duy tr&igrave; độ ẩm c&acirc;n bằng da. Cerave Foaming Cleanser<strong>&nbsp;</strong>chứa&nbsp;<strong>Ceramides, Axit Hyaluronic v&agrave; Niacinamide</strong>&nbsp;gi&uacute;p duy tr&igrave; h&agrave;ng r&agrave;o bảo vệ da, kh&oacute;a ẩm v&agrave; l&agrave;m dịu l&agrave;n da của bạn.</p>

<p>&nbsp;</p>

<p style="text-align:center">&nbsp;<img alt="Sữa Rửa Mặt Cerave Sạch Sâu Cho Da Thường Đến Da Dầu" src="https://media.hasaki.vn/wysiwyg/Chau/sua-rua-mat-cerave-tao-bot-cho-da-thuong-den-da-dau-2.jpg" style="height:350px; width:350px" title="Sữa Rửa Mặt Cerave Sạch Sâu Cho Da Thường Đến Da Dầu 473ml" /></p>

<h3><strong>Loại da ph&ugrave; hợp:&nbsp;</strong></h3>

<ul>
	<li>
	<p>Sản phẩm th&iacute;ch hợp cho da thường đến dầu.</p>
	</li>
	<li>
	<p>C&oacute; thể sử dụng cho mặt v&agrave; to&agrave;n th&acirc;n.</p>
	</li>
</ul>

<h3>Giải ph&aacute;p cho t&igrave;nh trạng da:&nbsp;</h3>

<ul>
	<li>
	<p>Da thường tiết b&atilde; nhờn,&nbsp;<a href="https://hasaki.vn/danh-muc/dau-thua-lo-chan-long-to-c1879.html" target="_blank">dầu thừa, lỗ ch&acirc;n l&ocirc;ng to</a>.&nbsp;</p>
	</li>
</ul>

<p style="text-align:center">&nbsp;<img alt="Kết cấu Sữa Rửa Mặt Cerave Sạch Sâu Cho Da Thường Đến Da Dầu" src="https://media.hasaki.vn/wysiwyg/Chau/sua-rua-mat-cerave-tao-bot-cho-da-thuong-den-da-dau-3.jpg" style="height:350px; width:350px" title="Kết cấu Sữa Rửa Mặt Cerave Sạch Sâu Cho Da Thường Đến Da Dầu 473ml" /></p>

<h3><strong>Ưu thế nổi bật:&nbsp;</strong></h3>

<ul>
	<li>
	<p><strong>3 loại Ceramides (1, 3, 6-II)</strong>&nbsp;thiết yếu gi&uacute;p kh&ocirc;i phục h&agrave;ng r&agrave;o độ ẩm da.&nbsp;</p>
	</li>
	<li>
	<p><strong>Hyaluronic Acid</strong>&nbsp;gi&uacute;p duy tr&igrave; độ ẩm tự nhi&ecirc;n của da.</p>
	</li>
	<li>
	<p><strong>Niacinamide</strong>&nbsp;gi&uacute;p l&agrave;m dịu, nu&ocirc;i dưỡng, củng cố h&agrave;ng r&agrave;o da.</p>
	</li>
	<li>
	<p>Kết cấu dạng gel tạo bọt gi&uacute;p l&agrave;m sạch s&acirc;u, loại bỏ dầu thừa, th&ocirc;ng tho&aacute;ng lỗ ch&acirc;n l&ocirc;ng nhưng vẫn duy tr&igrave; độ ẩm tự nhi&ecirc;n của da.</p>
	</li>
</ul>

<p>&nbsp;</p>

<p style="text-align:center"><img alt="Sữa Rửa Mặt Cerave Foaming Cleanser" src="https://media.hasaki.vn/wysiwyg/Chau/sua-rua-mat-cerave-tao-bot-cho-da-thuong-den-da-dau-1.jpg" style="height:350px; width:350px" title="Sữa Rửa Mặt Cerave Foaming Cleanser 473ml" /></p>

<h2>2.&nbsp;<strong>Sữa Rửa Mặt Cerave Cho Da Thường Đến Kh&ocirc;&nbsp;</strong></h2>

<p><strong>Sữa Rửa Mặt Cerave&nbsp;Hydrating Cleanser&nbsp;</strong>gi&uacute;p loại bỏ bụi bẩn, dầu thừa, nhẹ nh&agrave;ng lấy đi lớp kem chống nắng, trang điểm nhưng vẫn giữ h&agrave;ng r&agrave;o bảo vệ da v&agrave; kh&ocirc;ng l&agrave;m mất đi độ ẩm tự nhi&ecirc;n. Sữa rửa mặt dịu nhẹ với c&aacute;c th&agrave;nh phần như&nbsp;<strong>Ceramides&nbsp;</strong>v&agrave;<strong>&nbsp;Axit Hyaluronic</strong>&nbsp;c&oacute; t&aacute;c dụng kh&ocirc;i phục h&agrave;ng r&agrave;o tự nhi&ecirc;n của da v&agrave; dưỡng da ẩm mịn.</p>

<p>&nbsp;</p>

<p style="text-align:center">&nbsp;<img alt="Sữa Rửa Mặt Cerave Cho Da Thường Đến Khô " src="https://media.hasaki.vn/wysiwyg/Chau/sua-rua-mat-cerave-cho-da-thuong-den-kho-1.jpg" style="height:350px; width:350px" title="Sữa Rửa Mặt Cerave Cho Da Thường Đến Khô 473ml" /></p>

<h3><strong>Loại da ph&ugrave; hợp:&nbsp;</strong></h3>

<ul>
	<li>
	<p>Sản phẩm th&iacute;ch hợp cho da thường đến kh&ocirc;.</p>
	</li>
	<li>
	<p>C&oacute; thể sử dụng cho mặt v&agrave; to&agrave;n th&acirc;n.</p>
	</li>
	<li>
	<p>Sản phẩm th&iacute;ch hợp cho cả người lớn v&agrave; trẻ em.</p>
	</li>
</ul>

<h3>Giải ph&aacute;p cho t&igrave;nh trạng da:&nbsp;</h3>

<ul>
	<li>
	<p>Da&nbsp;<a href="https://hasaki.vn/danh-muc/thieu-am-thieu-nuoc-c1883.html" target="_blank">thiếu nước, thiếu ẩm</a>.&nbsp;</p>
	</li>
	<li>
	<p>Da kh&ocirc; r&aacute;p, sần s&ugrave;i, bong tr&oacute;c.</p>
	</li>
</ul>

<p>&nbsp;</p>

<p style="text-align:center"><img alt="Sữa Rửa Mặt Cerave Hydrating Cleanser" src="https://media.hasaki.vn/wysiwyg/Chau/sua-rua-mat-cerave-cho-da-thuong-den-kho-2.jpg" style="height:350px; width:350px" title="Sữa Rửa Mặt Cerave Hydrating Cleanser 473ml" /></p>

<h3><strong>Ưu thế nổi bật:&nbsp;</strong></h3>

<ul>
	<li>
	<p>Sản phẩm gi&uacute;p l&agrave;m sạch bụi bẩn, dầu thừa, lấy đi cặn b&atilde; lớp trang điểm c&ograve;n s&oacute;t tr&ecirc;n da v&agrave; l&agrave;m th&ocirc;ng tho&aacute;ng lỗ ch&acirc;n l&ocirc;ng nhưng vẫn duy tr&igrave; độ ẩm cho da.</p>
	</li>
	<li>
	<p><strong>3 loại Ceramides (1, 3, 6-II)</strong>&nbsp;thiết yếu gi&uacute;p kh&ocirc;i phục h&agrave;ng r&agrave;o độ ẩm da.&nbsp;</p>
	</li>
	<li>
	<p><strong>C&ocirc;ng nghệ MVE độc quyền</strong>&nbsp;kho&aacute; ẩm cho da suốt 24 giờ.&nbsp;</p>
	</li>
	<li>
	<p><strong>Hyaluronic Acid</strong>&nbsp;gi&uacute;p duy tr&igrave; độ ẩm tự nhi&ecirc;n của da.</p>
	</li>
</ul>

<h3>Độ an to&agrave;n:&nbsp;</h3>

<ul>
	<li>
	<p>Kh&ocirc;ng x&agrave; ph&ograve;ng&nbsp;</p>
	</li>
	<li>
	<p>Kh&ocirc;ng hương liệu&nbsp;</p>
	</li>
	<li>
	<p>Kh&ocirc;ng chứa paraben&nbsp;</p>
	</li>
	<li>
	<p>Kh&ocirc;ng b&iacute;t tắc lỗ ch&acirc;n l&ocirc;ng&nbsp;</p>
	</li>
	<li>
	<p>Đ&atilde; được kiểm nghiệm kh&ocirc;ng g&acirc;y k&iacute;ch ứng.</p>
	</li>
</ul>

<h3><strong>Bảo quản:</strong></h3>

<ul>
	<li>
	<p>Nơi kh&ocirc; r&aacute;o tho&aacute;ng m&aacute;t.</p>
	</li>
	<li>
	<p>Tr&aacute;nh &aacute;nh nắng trực tiếp, nơi c&oacute; nhiệt độ cao hoặc ẩm ướt.</p>
	</li>
	<li>
	<p>Đậy nắp k&iacute;n sau khi sử dụng.</p>
	</li>
</ul>

<h3><strong>Th&ocirc;ng số sản phẩm:</strong></h3>

<ul>
	<li>
	<p><strong>Dung t&iacute;ch:&nbsp;</strong>88ml; 236ml; 473ml</p>
	</li>
	<li>
	<p><strong>Thương hiệu:&nbsp;</strong>Cerave&nbsp;</p>
	</li>
	<li>
	<p><strong>Xuất xứ thương hiệu:</strong>&nbsp;Mỹ.</p>
	</li>
</ul>

<p>Th&agrave;nh phần sản phẩm</p>

<h3><strong>1. Sữa Rửa Mặt Cerave Sạch S&acirc;u Cho Da Thường Đến Da Dầu</strong></h3>

<p><strong>Th&agrave;nh phần ch&iacute;nh:&nbsp;</strong></p>

<ul>
	<li>
	<p><strong>3 loại Ceramides (1, 3, 6-II):</strong>&nbsp;thiết yếu gi&uacute;p kh&ocirc;i phục h&agrave;ng r&agrave;o độ ẩm da.&nbsp;</p>
	</li>
	<li>
	<p><strong>Hyaluronic Acid:</strong>&nbsp;gi&uacute;p duy tr&igrave; độ ẩm tự nhi&ecirc;n của da.</p>
	</li>
	<li>
	<p><strong>Niacinamide:</strong>&nbsp;gi&uacute;p l&agrave;m dịu, nu&ocirc;i dưỡng, củng cố h&agrave;ng r&agrave;o da.</p>
	</li>
</ul>

<p><strong>Th&agrave;nh phần đầy đủ:&nbsp;</strong></p>

<p>Purified Water (Aqua), Cocamidopropyl Hydroxysultaine, Glycerin, Sodium Lauroyl Sarcosinate, Peg-150 Pentaerythrityl Tetrastearate (And) Peg-6 Caprylic/Capric Glycerides, Niacinamide, Propylene Glycol, Sodium Methyl Cocoyl Taurate, Ceramide 3, Ceramide 6-Ii, Ceramide 1, Hyaluronic Acid, Cholesterol, Sodium Chloride, Phytosphingosine, Citric Acid, Edetate Disodium Dihydrate, Sodium Lauroyl Lactylate, Methylparaben, Propylparaben, Carbomer, Xanthan Gum.&nbsp;</p>

<h3>2.&nbsp;Sữa Rửa Mặt Cerave Cho Da Thường Đến Kh&ocirc;</h3>

<p><strong>Th&agrave;nh phần ch&iacute;nh:&nbsp;</strong></p>

<ul>
	<li>
	<p><strong>3 loại Ceramides (1, 3, 6-II):</strong>&nbsp;thiết yếu gi&uacute;p kh&ocirc;i phục h&agrave;ng r&agrave;o độ ẩm da.&nbsp;</p>
	</li>
	<li>
	<p><strong>C&ocirc;ng nghệ MVE độc quyền:</strong>&nbsp;kho&aacute; ẩm cho da suốt 24 giờ.&nbsp;</p>
	</li>
	<li>
	<p><strong>Hyaluronic Acid:</strong>&nbsp;gi&uacute;p duy tr&igrave; độ ẩm tự nhi&ecirc;n của da.</p>
	</li>
</ul>

<p><strong>Th&agrave;nh phần đầy đủ:&nbsp;</strong></p>

<p>Purified Water, Glycerin, Behentrimonium Methosulfate, Cetearyl Alcohol, Ceramide 3, Ceramide 6-Ii, Ceramide 1, Hyaluronic Acid, Cholesterol, Polyoxyl 40 Stearate, Glyceryl Monostearate, Stearyl Alcohol, Polysorbate 20, Potassium Phosphate, Dipotassium Phosphate, Sodium Lauroyl Lactylate, Cetyl Alcohol, Disodium Edta, Phytosphingosine, Methylparaben, Propylparaben, Carbomer, Xanthan Gum.&nbsp;</p>
', 0, N'No', N'https://res.cloudinary.com/dnqk5fjla/image/upload/v1683694021/DoctorSkin/7e16588d-dace-41af-9aec-6a35dff94f27.jpg', CAST(N'2024-05-10T11:46:59.000' AS DateTime), 1014, N'sua-rua-mat-cerave-sach-sau-cho-da-thuong-đen-da-dau-473ml-foaming-cleanser', N'Còn hàng', N'0', N'https://media.hasaki.vn/wysiwyg/Chau/sua-rua-mat-cerave-tao-bot-cho-da-thuong-den-da-dau-2.jpg,https://media.hasaki.vn/wysiwyg/Chau/sua-rua-mat-cerave-tao-bot-cho-da-thuong-den-da-dau-3.jpg,https://media.hasaki.vn/wysiwyg/Chau/sua-rua-mat-cerave-tao-bot-cho-da-thuong-den-da-dau-1.jpg')
SET IDENTITY_INSERT [dbo].[Products] OFF
GO
SET IDENTITY_INSERT [dbo].[Feedbacks] ON 

INSERT [dbo].[Feedbacks] ([sttfb], [idbill], [cmt], [datefb], [hidefb], [iduser], [idp], [star], [imagefb]) VALUES (1, N'1547451', N'Sản phẩm rất tốt', CAST(N'2024-05-13T00:00:00.000' AS DateTime), 0, N'htye7go15', 1, 4, N'')
INSERT [dbo].[Feedbacks] ([sttfb], [idbill], [cmt], [datefb], [hidefb], [iduser], [idp], [star], [imagefb]) VALUES (3, N'1241859', N'Giao hàng nhanh', CAST(N'2024-05-17T00:00:00.000' AS DateTime), 0, N'pouR71lnC9', 1, 5, N'')
INSERT [dbo].[Feedbacks] ([sttfb], [idbill], [cmt], [datefb], [hidefb], [iduser], [idp], [star], [imagefb]) VALUES (33, N'5121055539', N'Tôi rất hài lòng về chất lượng dịch vụ, sản phẩm tốt giá rẻ', CAST(N'2024-05-04T13:21:17.000' AS DateTime), 0, N'htye7go15', 1013, 4, N'https://res.cloudinary.com/dnqk5fjla/image/upload/v1683181279/DoctorSkin/94b09020-6371-4f11-a484-de9d239d823c.jpg,https://res.cloudinary.com/dnqk5fjla/image/upload/v1683181281/DoctorSkin/6da783df-cfff-4715-ba08-61e3c695f202.jpg')
SET IDENTITY_INSERT [dbo].[Feedbacks] OFF

GO

SET IDENTITY_INSERT [dbo].[Services] ON 

INSERT [dbo].[Services] ([name_dt], [desc_dt], [hide_dt], [img_dt], [id_dt], [meta], [slider_dt]) VALUES (N'Điều trị mụn', N'Các dịch vụ điều trị mụn tại O2 SKIN tập trung điều trị chuyên sâu, lần lượt giải quyết từng vấn đề của làn da mụn như giảm viêm, giảm nhờn, giảm sừng hóa nang lông, hỗ trợ đẩy nhanh quá trình gom khô cồi mụn và lấy nhân mụn ra khỏi da, mang lại cảm giác nhẹ nhàng, sạch thoáng lỗ chân lông.', 0, N'https://suckhoedoisong.qltns.mediacdn.vn/324455921873985536/2021/12/30/1-16408495928771730490624.png', 1, N'dieu-tri-mun', N'dtm')
INSERT [dbo].[Services] ([name_dt], [desc_dt], [hide_dt], [img_dt], [id_dt], [meta], [slider_dt]) VALUES (N'Điều trị phục hồi da', N'Sử dụng các phương pháp điều trị mụn kết hợp giúp giải quyết đồng thời các vấn đề của làn da mụn như giảm các triệu chứng sưng viêm, đỏ da, cân bằng nhờn, điều trị mụn dưới da, giảm tình trạng da dày sừng, hỗ trợ đẩy nhanh quá trình gom khô cồi mụn và rút ngắn thời gian điều trị mụn hiệu quả', 0, N'https://o2skin.cdn.vccloud.vn/wp-content/uploads/2021/10/dieu-tri-mun-ket-hop-e1637831941671.jpg', 2, N'dieu-tri-phuc-hoi-da', N'dtphd')
INSERT [dbo].[Services] ([name_dt], [desc_dt], [hide_dt], [img_dt], [id_dt], [meta], [slider_dt]) VALUES (N'Điều trị thâm', N'Da nhạy cảm, da đang bị dị ứng, kích ứng hoặc tai biến corticoid sẽ được điều trị bằng các phương pháp điện di chuyên sâu, đắp mặt nạ phục hồi, cấp ẩm tức thì, làm dịu da và giảm các triệu chứng kích ứng, đỏ da, rát da, giúp phục hồi da về trạng thái cân bằng, khỏe mạnh.', 0, N'https://o2skin.cdn.vccloud.vn/wp-content/uploads/2021/10/dieu-tri-phuc-hoi-danh-cho-da-nhay-cam-02.jpg', 3, N'dieu-tri-tham', N'dtt')
INSERT [dbo].[Services] ([name_dt], [desc_dt], [hide_dt], [img_dt], [id_dt], [meta], [slider_dt]) VALUES (N'Điều trị sẹo rỗ', N'Sau điều trị mụn thành công, da cần được phục hồi và điều trị các tổn thương sau mụn bằng các phương pháp phục hồi chuyên sâu, giúp cấp ẩm, tái tạo và phục hồi da, làm mờ vết thâm, hồng ban sau mụn, làm đều màu da, trắng sáng da, ngăn ngừa hình thành sẹo rỗ và các biến chứng khác…', 0, N'https://o2skin.cdn.vccloud.vn/wp-content/uploads/2021/10/7-Lan-kim-nong.jpg', 4, N'dieu-tri-seo-ro', N'dtsr')
INSERT [dbo].[Services] ([name_dt], [desc_dt], [hide_dt], [img_dt], [id_dt], [meta], [slider_dt]) VALUES (N'Điều trị mụn kết hợp', N'Những tổn thương sau mụn cần được hỗ trợ phục hồi càng sớm càng tốt bằng các phương pháp kỹ thuật cao, giúp điều trị chuyên sâu cho từng vấn đề như sẹo rỗ, thâm mụn, hồng ban, lỗ chân lông to, da dày sừng…Giúp làn da sớm trở lại trạng thái khỏe mạnh, mịn màng và sạch mụn.', 0, N'https://o2skin.cdn.vccloud.vn/wp-content/uploads/2021/10/4-Laser-Fractional.png', 5, N'dieu-tri-mun-ket-hop', N'dtmkh')
INSERT [dbo].[Services] ([name_dt], [desc_dt], [hide_dt], [img_dt], [id_dt], [meta], [slider_dt]) VALUES (N'Chăm sóc da sau điều trị', N'Những vết thâm do mụn để lại sẽ tồn tại rất lâu trên da nếu không có phương pháp thúc đẩy điều trị. Dịch vụ điều trị thâm, hồng ban sau mụn tại O2 SKIN dành cho mọi tuýp da và tình trạng da sẽ giúp bạn nhanh chóng xóa mờ thâm, sớm lấy lại làn da trắng sáng, đều màu và mịn màng.', 0, N'https://o2skin.cdn.vccloud.vn/wp-content/uploads/2021/10/8-Dien-di.jpg', 6, N'cham-soc-da-sau-dieu-tri', N'csdsdt')
SET IDENTITY_INSERT [dbo].[Services] OFF
GO
SET IDENTITY_INSERT [dbo].[ServicesDetails] ON 

INSERT [dbo].[ServicesDetails] ([id_sd], [name_sd], [img_sd], [hide_sd], [price_sd], [id_dt], [desc_de], [amount]) VALUES (1, N'Chiếu ánh sáng sinh học xanh, đỏ', N'https://maythammyhoanggia.com/wp-content/uploads/2020/12/may-anh-sang-sinh-hoc-1-1.jpg', 0, N'100000', 1, NULL, 4)
INSERT [dbo].[ServicesDetails] ([id_sd], [name_sd], [img_sd], [hide_sd], [price_sd], [id_dt], [desc_de], [amount]) VALUES (2, N'Điện di điều trị mụn (cho da bình thường)', N'https://vinmec-prod.s3.amazonaws.com/images/20210619_033021_816719_15404411781150-635x.max-1800x1800.jpg', 0, N'340000', 1, NULL, 10)
INSERT [dbo].[ServicesDetails] ([id_sd], [name_sd], [img_sd], [hide_sd], [price_sd], [id_dt], [desc_de], [amount]) VALUES (3, N'Điện di điều trị mun (cho da nhạy cảm)', N'https://edbeauty.net/wp-content/uploads/2018/03/dien-di-collagen-cang-bong-2.jpg', 0, N'420000', 1, NULL, 7)
INSERT [dbo].[ServicesDetails] ([id_sd], [name_sd], [img_sd], [hide_sd], [price_sd], [id_dt], [desc_de], [amount]) VALUES (4, N'Điện di cấp ẩm, làm diệu và giảm kích ứng da', N'https://o2skin.vn/wp-content/uploads/2021/12/dich-vu-dien-di-vitamin-c-tai-o2-skin-13.jpg', 0, N'340000', 2, NULL, 6)
INSERT [dbo].[ServicesDetails] ([id_sd], [name_sd], [img_sd], [hide_sd], [price_sd], [id_dt], [desc_de], [amount]) VALUES (5, N'Điện di phục hồi da tổn thương', N'https://zahanclinic.com/wp-content/uploads/2022/09/dien-di-tinh-chat.jpg', 0, N'340000', 2, NULL, 11)
INSERT [dbo].[ServicesDetails] ([id_sd], [name_sd], [img_sd], [hide_sd], [price_sd], [id_dt], [desc_de], [amount]) VALUES (6, N'Điện di điều trị hồng da do mụn (cho da nhạy cảm)', N'https://doctoracnes.com/wp-content/uploads/2020/11/Dien-di-dac-tri-mun-Doctor-Acnes.jpg', 0, N'420000', 2, NULL, 15)
INSERT [dbo].[ServicesDetails] ([id_sd], [name_sd], [img_sd], [hide_sd], [price_sd], [id_dt], [desc_de], [amount]) VALUES (7, N'IPL trị mụn và kiểm soát nhờn', N'https://blissbeauty.vn/wp-content/uploads/2024/03/ipl-tri-mun-va-kiem-soat-nhon-1.jpg', 0, N'970000', 5, NULL, 14)
INSERT [dbo].[ServicesDetails] ([id_sd], [name_sd], [img_sd], [hide_sd], [price_sd], [id_dt], [desc_de], [amount]) VALUES (8, N'Lăn kim trị mụn dưới da dày sừng', N'https://188beauty.com/wp-content/uploads/2023/05/lan-kim-tri-mun-tphcm.jpg', 0, N'1500000', 5, NULL, 16)
INSERT [dbo].[ServicesDetails] ([id_sd], [name_sd], [img_sd], [hide_sd], [price_sd], [id_dt], [desc_de], [amount]) VALUES (9, N'Khám mụn chuẩn y khoa', N'https://benhvienvanhanh.vn/wp-content/uploads/2020/01/2020_01_16/660e680e02d150b50e35fea480fb8389.jpg', 0, N'100000', 1, NULL, 13)
INSERT [dbo].[ServicesDetails] ([id_sd], [name_sd], [img_sd], [hide_sd], [price_sd], [id_dt], [desc_de], [amount]) VALUES (10,N'Điều trị thâm', N'https://drvitamin.net/wp-content/uploads/2021/07/co-nen-di-spa-tri-tham-mun-1.jpg', 0, N'200000', 3, NULL,10)
INSERT [dbo].[ServicesDetails] ([id_sd], [name_sd], [img_sd], [hide_sd], [price_sd], [id_dt], [desc_de], [amount]) VALUES (10,N'Điều trị sẹo rỗ', N'https://encrypted-tbn0.gstatic.com/images?q=tbn:ANd9GcS8onTkyxCb6LB8JVeHUj7DQBIGjrp0YwM6EK129m4yog&s', 0, N'200000', 4, NULL,10)
INSERT [dbo].[ServicesDetails] ([id_sd], [name_sd], [img_sd], [hide_sd], [price_sd], [id_dt], [desc_de], [amount]) VALUES (10,N'Đắp mặt nạ', N'https://encrypted-tbn0.gstatic.com/images?q=tbn:ANd9GcR4zVx4A87b5eqj4-eXUsKoxFF-bxl4-5Xy-dYnxj61rQ&s', 0, N'200000', 6, NULL,10)



SET IDENTITY_INSERT [dbo].[ServicesDetails] OFF
GO
GO
INSERT [dbo].[RoleMasters] ([ID], [RollName]) VALUES (1, N'Admin')
INSERT [dbo].[RoleMasters] ([ID], [RollName]) VALUES (2, N'User')
INSERT [dbo].[RoleMasters] ([ID], [RollName]) VALUES (3, N'Doctor')
SET IDENTITY_INSERT [dbo].[UserRoles] ON 

INSERT [dbo].[UserRoles] ([stt], [email], [rolename]) VALUES (1, N'kiet07@gmail.com', N'User')
INSERT [dbo].[UserRoles] ([stt], [email], [rolename]) VALUES (2, N'admin1@gmail.com', N'Admin')
INSERT [dbo].[UserRoles] ([stt], [email], [rolename]) VALUES (3, N'bacsi1@gmail.com', N'Doctor')
SET IDENTITY_INSERT [dbo].[UserRoles] OFF
GO
SET IDENTITY_INSERT [dbo].[UserRolesMappings] ON 

INSERT [dbo].[UserRolesMappings] ([stt], [email], [idrole]) VALUES (1, N'kiet07@gmail.com', 2)
INSERT [dbo].[UserRolesMappings] ([stt], [email], [idrole]) VALUES (2, N'admin1@gmail.com', 1)
INSERT [dbo].[UserRolesMappings] ([stt], [email], [idrole]) VALUES (3, N'bacsi1@gmail.com', 3)

SET IDENTITY_INSERT [dbo].[UserRolesMappings] OFF
GO
INSERT [dbo].[Users] ([iduser], [name], [birth], [gender], [phone], [email], [password], [hide], [ava], [total], [point], [dateregist]) VALUES (N'u73jj9eY56', N'User', CAST(N'2024-03-12 00:00:00.000' AS DateTime), N'Male', N'0943906224', N'kiet07@gmail.com', N'$2a$11$XWK7A7zFvx2MS93hSZReK.Rkf/4XtKFws/4Nh6n1v5BezDuKWlS2e', 0, N'https://res.cloudinary.com/dnqk5fjla/image/upload/v1710491817/DoctorSkin/97d45878-c54d-49c8-a046-fa6612c58b30.webp', 0, 0, CAST(N'2024-03-15 15:37:00.000' AS DateTime))
INSERT [dbo].[Users] ([iduser], [name], [birth], [gender], [phone], [email], [password], [hide], [ava], [total], [point], [dateregist]) VALUES (N'Uh8ut4Ixvj', N'Admin', CAST(N'2024-03-06 00:00:00.000' AS DateTime), N'Female', N'0943906226', N'admin1@gmail.com', N'$2a$11$T/J5aDCALsb15BRhOi4BA.BkO91zwty8K/FmLvEbdFq3CVJs/CNIS', 0, N'https://res.cloudinary.com/dnqk5fjla/image/upload/v1710492460/DoctorSkin/8bc295d2-365f-435b-81c9-3b4de887ef1e.jpg', 0, 0, CAST(N'2024-03-15 15:47:42.000' AS DateTime))
INSERT [dbo].[Users] ([iduser], [name], [birth], [gender], [phone], [email], [password], [hide], [ava], [total], [point], [dateregist]) VALUES (N'jCPKOZc7YV', N'Bs.1', CAST(N'2024-02-29 00:00:00.000' AS DateTime), N'Male', N'0943906223', N'bacsi1@gmail.com', N'$2a$11$oLxpQ87k.IIfxFJhJf0GoO0ETa1g5vrJkc3HsSi0tqw75X.tWys.6', 0, N'https://res.cloudinary.com/dnqk5fjla/image/upload/v1710492773/DoctorSkin/1485cca7-cf88-465b-b945-23b344450d46.jpg', 0, 0, CAST(N'2024-03-15 15:52:55.000' AS DateTime))


GO
SET IDENTITY_INSERT [dbo].[Medicines] ON 

INSERT [dbo].[Medicines] ([id], [name], [price], [uses], [hide]) VALUES (1, N'Cetirizine 10mg', N'1000', N'Cetirizine là thuốc kháng Histamin mạnh có tác dụng chống dị ứng nhưng không gây buồn ngủ. Thuốc thường được dùng để làm giảm các triệu chứng của dị ứng như sốt, hắt hơi, ngứa, chảy nước mũi và bị ngạt mũi, mắt đỏ và chảy nước mắt. Đồng thời thuốc còn có khả năng giảm sưng, tấy đỏ và ngứa trên da (triệu chứng của mề đay vô căn mãn tính).

', 0)
INSERT [dbo].[Medicines] ([id], [name], [price], [uses], [hide]) VALUES (2, N'Clinecid 300/ Pyclin 300', N'4000', N'điều trị những bệnh nhiễm vi khuẩn nhạy cảm', 0)
INSERT [dbo].[Medicines] ([id], [name], [price], [uses], [hide]) VALUES (3, N'Thuốc kháng sinh uống trị mụn Cotrimxazon 960', N'5000', N'Thuốc có tác dụng chống nhiễm khuẩn, kháng sinh cho mụn nhẹ. Có thể sử dụng để điều trị phổ rộng các trường hợp nhiễm trùng vi khuẩn Gram (-), Gram (+), đặc biệt đối với nhiễm lậu cầu, nhiễm trùng đường tiểu cấp không biến chứng và bệnh nhân bị viêm phổi do Pneumocystis Carinii.', 0)
INSERT [dbo].[Medicines] ([id], [name], [price], [uses], [hide]) VALUES (4, N'Prednisolon', N'7000', N'Prednisolon là một Glucocorticoid có nhiều tác dụng như: làm giảm sưng, làm giảm nổi mẩn đỏ và giảm phản ứng dị ứng. Vì thế, thuốc thường được chỉ định trong điều trị viêm khớp dạng thấp, ban đỏ toàn thân, một số thể viêm mạch, viêm động mạch thái dương và viêm quanh động mạch nút, bệnh sarcoid, hen phế quản, viêm loét đại tràng, thiếu máu tan huyết, giảm bạch cầu hạt và những bệnh dị ứng nặng gồm cả phản vệ. Một số bệnh khác như bạch cầu cấp, u lympho, ung thư vú và ung thư tuyến tiền liệt ở giai đoạn cuối.', 0)
INSERT [dbo].[Medicines] ([id], [name], [price], [uses], [hide]) VALUES (5, N'Zoacnel', N'8000', N'Suy gan, Lipid máu cao, vì thế bệnh nhân bệnh nhân bị tiểu đường, béo phì, nghiện rượu, rối loại Lipid máu cần phải xem xét trước khi điều trị.', 0)
INSERT [dbo].[Medicines] ([id], [name], [price], [uses], [hide]) VALUES (6, N'Myspa isotretinoin 10mg', N'11000', N' Điều trị mụn trứng cá nặng, mụn viêm, đặc biệt là mụn bọc hay mụn trứng cá có dạng nang bọc.', 0)
INSERT [dbo].[Medicines] ([id], [name], [price], [uses], [hide]) VALUES (7, N'Allozin', N'15000', N'llozin là một trong số các loại thuốc kháng Histamin (một chất trong cơ thể gây ra các triệu chứng dị ứng), thuốc hoạt động bằng cách ngăn chặn tác động của Histamin nên được sử dụng để điều trị dị ứng quanh năm hoặc dị ứng theo mùa.', 0)
INSERT [dbo].[Medicines] ([id], [name], [price], [uses], [hide]) VALUES (8, N'Fexofast 180', N'25000', N'Mỗi viên nén chứa Fexofenadin Hydroclorid 180 mg. Thuốc được chỉ định điều trị các chứng viêm mũi dị ứng (hắt hơi, chảy nước mũi, ngứa mũi, ngứa họng…). Ngoài ra thuốc còn có tác dụng ngoài da như bệnh mề đay, thuốc có thể làm giảm cảm giác ngứa và số lượng mề đay.', 0)
INSERT [dbo].[Medicines] ([id], [name], [price], [uses], [hide]) VALUES (9, N'Azissel 250mg', N'9000', N'Nhiễm khuẩn da và mô mềm.', 0)
INSERT [dbo].[Medicines] ([id], [name], [price], [uses], [hide]) VALUES (10, N'Omesel 20mg', N'6000', N'Phòng ngừa tái phát loét dạ dày,ruột, ợ chua, trào ngược dạ dày, thực quản.', 0)
INSERT [dbo].[Medicines] ([id], [name], [price], [uses], [hide]) VALUES (11, N'Zalenka 50mg', N'4000', N'Minocycline là thuốc kháng sinh Tetracycline chống vi khuẩn trong cơ thể. Minocycline được sử dụng để điều trị nhiều bệnh nhiễm trùng do vi khuẩn khác nhau, chẳng hạn như nhiễm trùng đường tiết niệu, nhiễm trùng đường hô hấp, nhiễm trùng da, mụn trứng cá nặng, bệnh lậu, sốt ve, Chlamydia và những nhiễm trùng khác.', 0)
INSERT [dbo].[Medicines] ([id], [name], [price], [uses], [hide]) VALUES (12, N'Mecasel 7.5mg (MELOXICAM)', N'3500', N'Mecasel thuộc nhóm thuốc giảm đau, hạ sốt, kháng viêm với thành phần Meloxicam 15mg, được chỉ định điều trị viêm xương khớp (hư khớp, thoái hóa khớp), viêm khớp dạng thấp, viêm cột sống dính khớp.

', 0)
INSERT [dbo].[Medicines] ([id], [name], [price], [uses], [hide]) VALUES (13, N'Doxycycline 100mg', N'8000', N'Thuốc được sử dụng để điều trị các bệnh nhiễm trùng do vi khuẩn, bao gồm cả mụn trứng cá. Loại thuốc này cũng được sử dụng để ngăn ngừa bệnh sốt rét. Đây là thuốc kháng sinh nhóm Tetracycline. Thuốc hoạt động bằng cách ngăn chặn sự tăng trưởng của vi khuẩn.', 0)
SET IDENTITY_INSERT [dbo].[Medicines] OFF